Date;Stellantis NV;DNXcorp SA;IDI;Credit Agricole;Accor;Viel et Cie SA;Air Liquide;Publicis;Safran;Vicat;L'Oreal;Saint Gobain;Voyageurs du Monde SA;Groupe Guillin;Quadient;Roche Bobois;Virbac;Elis Services SA;Schneider Electric;Engie;Danone;Bouygues;Exacompta Clairefontaine;Groupe SEB;Bourse Direct;LDC;Sopra Steria;Legrand;Vinci;Groupe Crit;Patrimoine et Commerce;Coheris;Michelin;Acanthe Developpement;NSE SA;Wavestone;Lanson BCC SA;Groupe Pizzorno Environnement;Hermes International;Dassault Systemes;Airbus Group;Stef SA;Caisse Reg Cred Agric Mut Tourain Poitou;Technip Energies BV;Orange;Maurel et Prom;Eurazeo;Caisse Regionale de Credit Agricole Mutuel Atlanti;STMicro;Linedata Services
02.01.2023;10.73932933807373;7.496687412261963;41.81206893920898;7.963501453399658;21.77234649658203;5.336091995239258;116.34410095214844;53.26310729980469;114.91314697265624;20.646827697753903;321.5605163574219;43.12626266479492;82.39060974121094;19.171649932861328;12.374746322631836;31.709936141967773;230.46397399902344;13.041231155395508;125.92911529541016;10.351641654968262;44.95497131347656;24.232126235961918;106.2242202758789;74.14608001708984;3.132788896560669;49.02169418334961;132.81390380859375;70.66668701171875;84.36233520507812;53.20216751098633;12.502052307128906;2.9334559440612797;23.84751892089844;0.2117481827735901;15.544754028320312;41.45933532714844;30.053895950317383;33.8905143737793;1431.77587890625;33.14348220825195;107.91471099853516;82.8799819946289;50.54887390136719;14.037601470947266;7.772793292999268;3.441499710083008;52.817081451416016;63.65804290771485;32.35713577270508;42.65011596679688
03.01.2023;10.865248680114746;7.496687412261963;41.81206893920898;8.063982963562012;21.78148651123047;5.353939056396484;116.05108642578124;53.94161605834961;114.3896713256836;20.81817054748535;322.80059814453125;44.25585174560547;83.33871459960938;19.21665382385254;12.383674621582031;31.709936141967773;231.9444732666016;13.257331848144531;127.02957153320312;10.31498908996582;45.29499053955078;24.30862236022949;106.2242202758789;76.1251449584961;3.114574909210205;49.02169418334961;135.2371826171875;71.3055191040039;84.26459503173828;53.37490081787109;12.625836372375488;2.9138994216918945;24.48102760314941;0.224203959107399;16.127681732177734;41.6548957824707;30.053895950317383;32.92970275878906;1448.2999267578125;33.467308044433594;108.5592041015625;82.25346374511719;53.27886581420898;14.03297519683838;7.8836669921875;3.361464738845825;53.31196212768555;64.53334045410156;32.46849060058594;42.55760192871094
04.01.2023;11.158011436462402;7.496687412261963;42.23271179199219;8.276108741760254;22.384748458862305;5.353939056396484;119.17083740234376;55.298641204833984;115.35906982421876;21.289363861083984;339.7323608398437;46.23032760620117;83.43352508544922;19.21665382385254;13.481865882873535;31.799503326416016;232.43795776367188;13.661346435546877;132.62684631347656;10.114920616149902;45.71660614013672;24.878087997436523;111.53543090820312;79.80712890625;3.132788896560669;49.25624847412109;137.19444274902344;73.05293273925781;86.25482940673828;53.893104553222656;12.625836372375488;2.9921250343322754;25.05251884460449;0.2247970998287201;16.273412704467773;41.21488571166992;30.053895950317383;33.715824127197266;1509.536865234375;34.28179168701172;109.3553466796875;82.34296417236328;53.27886581420898;14.042226791381836;8.12031078338623;3.0792367458343506;53.85182571411133;66.39887237548828;33.286746978759766;42.465087890625
05.01.2023;11.28707790374756;7.462764739990234;42.90574264526367;8.293652534484863;22.841768264770508;5.371785640716553;118.58480834960938;54.83439636230469;115.16519927978516;21.24652862548828;337.7291564941406;47.17624282836914;83.6231460571289;18.99163627624512;13.455080032348633;31.441200256347656;229.9704742431641;13.736512184143066;132.45608520507812;10.1943359375;45.85261917114258;25.073579788208008;109.76502990722656;79.30086517333984;3.114574909210205;51.13267517089844;136.82162475585938;73.65419006347656;86.54802703857422;53.893104553222656;12.584575653076172;3.011681318283081;25.14554977416992;0.2200520038604736;16.273412704467773;40.57930374145508;30.14665412902832;33.45378112792969;1505.162841796875;34.448612213134766;109.18473815917967;82.07444763183594;54.15950775146485;14.523250579833984;8.188985824584961;3.075024366378784;53.986793518066406;68.16715240478516;33.47072982788086;42.18753433227539
06.01.2023;11.364203453063965;7.86982536315918;43.57877731323242;8.3877534866333;23.353626251220703;5.389631748199463;121.75625610351562;55.40577697753906;118.6550521850586;21.760555267333984;342.0694274902344;48.10378646850586;84.38162994384766;20.431760787963867;13.624720573425291;31.709936141967773;233.4249725341797;14.06536102294922;134.61907958984375;9.885833740234377;45.0139045715332;25.379562377929688;107.99462890625;82.66069030761719;3.114574909210205;51.601783752441406;138.68568420410156;74.6688232421875;87.49872589111328;53.20216751098633;12.749618530273438;3.011681318283081;25.624008178710938;0.22539022564888;16.273412704467773;40.82375717163086;29.682859420776367;33.191741943359375;1546.959228515625;34.42898178100586;110.45477294921876;82.6114730834961;54.15950775146485;14.9210205078125;8.184021949768066;3.0792367458343506;54.07676696777344;68.07874298095703;34.32286834716797;42.280052185058594
09.01.2023;11.453920364379885;7.496687412261963;43.747032165527344;8.394133567810059;23.56385803222656;5.353939056396484;122.8421401977539;55.0665168762207;118.40300750732422;21.674882888793945;348.9852600097656;48.66398620605469;86.75190734863281;20.25174331665039;13.76757526397705;31.6203556060791;235.89244079589844;13.99019718170166;137.3892822265625;10.052302360534668;44.55147933959961;25.821535110473636;108.87982940673828;84.77782440185547;3.1236820220947266;51.13267517089844;139.6177215576172;75.92769622802734;88.62710571289062;53.72037124633789;12.70835781097412;3.011681318283081;25.90311050415039;0.2206451445817947;17.14780616760254;42.63271331787109;29.49734115600586;33.715824127197266;1565.913818359375;34.33085632324219;111.3646469116211;84.3120346069336;54.16831207275391;14.629631042480469;8.17988395690918;3.125572681427002;55.24648666381836;68.22020721435547;36.09493255615234;42.3725700378418
10.01.2023;11.54049015045166;7.496687412261963;43.91529083251953;8.354259490966797;24.14883804321289;5.389631748199463;122.11821746826172;54.78083038330078;118.1121826171875;21.160858154296875;347.55438232421875;47.4976692199707;87.13114929199219;20.34175109863281;13.660433769226074;31.6203556060791;236.8794403076172;13.727115631103516;136.87696838378906;10.046194076538086;44.87336730957031;25.88953018188477;109.76502990722656;83.02887725830078;3.132788896560669;51.36723327636719;137.2876434326172;74.55607604980469;88.31613159179688;54.23857116699219;12.790879249572754;3.011681318283081;25.437944412231445;0.2200520038604736;17.09922981262207;42.14380645751953;29.033544540405277;33.715824127197266;1561.5396728515625;33.746978759765625;109.08995819091795;83.68551635742188;54.18592834472656;14.513999938964844;8.18484878540039;3.075024366378784;55.29147720336914;70.11226654052734;35.94484329223633;42.55760192871094
11.01.2023;11.521602630615234;7.835904121398926;44.25180435180664;8.314386367797852;24.377349853515625;5.389631748199463;124.53128814697266;54.584415435791016;119.33363342285156;20.86100578308105;350.7499694824219;47.79154586791992;91.01839447021484;20.7017822265625;13.660433769226074;31.6203556060791;238.8534393310547;13.97140407562256;139.2487030029297;10.15462875366211;45.131778717041016;25.94902992248535;110.65023040771484;81.55607604980469;3.1054680347442627;51.13267517089844;136.82162475585938;76.00286102294922;88.56491088867188;59.07513427734375;12.873401641845703;2.9921250343322754;25.557558059692383;0.22539022564888;17.19638442993164;43.02383804321289;29.682859420776367;33.715824127197266;1575.147705078125;34.316139221191406;107.95262145996094;84.5805435180664;54.42369842529297;14.439995765686035;8.097969055175781;3.0539627075195312;56.46118927001953;70.99640655517578;36.17240524291992;42.83515167236328
12.01.2023;11.634929656982422;7.86982536315918;44.08354949951172;8.390944480895996;25.12685775756836;5.389631748199463;123.635009765625;55.477195739746094;121.4081573486328;21.0323486328125;350.2253112792969;48.39766311645508;91.58724975585938;20.61177444458008;13.928285598754885;31.709936141967773;245.76243591308597;14.35662841796875;139.51434326171875;10.252371788024902;44.75095748901367;26.263511657714844;115.96144104003906;82.15440368652344;3.1054680347442627;50.663570404052734;138.21966552734375;76.43501281738281;89.77326965332031;58.55693435668945;13.120965957641602;3.011681318283081;25.956270217895508;0.22539022564888;17.19638442993164;42.77938461303711;29.49734115600586;33.628475189208984;1570.2877197265625;34.291603088378906;110.17042541503906;84.40154266357422;59.0030403137207;14.629631042480469;8.202223777770996;3.0792367458343506;56.9560661315918;70.99640655517578;36.25470733642578;43.2977294921875
13.01.2023;11.191064834594728;7.86982536315918;43.91529083251953;8.363829612731934;25.666139602661133;5.371785640716553;122.5491180419922;55.83430862426758;122.66838073730467;21.24652862548828;356.6641540527344;48.90276336669922;91.7768783569336;20.881797790527344;13.785430908203123;32.06822967529297;249.71041870117188;14.525751113891602;140.76661682128906;10.174482345581056;45.0819091796875;25.47305679321289;112.4206314086914;83.71925354003906;3.087254047393799;51.36723327636719;140.45652770996094;76.6417007446289;90.07533264160156;58.211463928222656;13.038445472717283;3.011681318283081;25.965131759643555;0.2277627438306808;17.19638442993164;43.80609130859375;29.775617599487305;33.803165435791016;1604.794189453125;34.929447174072266;110.73910522460938;84.13302612304688;59.4521713256836;14.888644218444824;8.207188606262207;3.1002986431121826;57.18101119995117;72.94151306152344;36.65657424926758;43.57527923583984
16.01.2023;11.269763946533203;7.86982536315918;43.747032165527344;8.457930564880371;25.26396369934082;5.44317102432251;124.28997039794922;56.5842399597168;122.82347869873048;21.203693389892575;360.05047607421875;49.53643035888672;91.96649932861328;21.19682502746582;13.75864601135254;31.799503326416016;253.6584014892578;14.600915908813477;139.77996826171875;10.07521152496338;45.45366287231445;25.634546279907227;116.84664154052734;87.03304290771484;3.1236820220947266;51.601783752441406;141.6681671142578;77.05504608154297;89.82656860351562;58.38419723510742;13.24474811553955;3.011681318283081;26.3549861907959;0.224203959107399;17.48784637451172;45.76171875;30.14665412902832;33.803165435791016;1583.409912109375;34.86075973510742;109.29846954345705;85.92308807373047;59.35529327392578;14.893269538879396;8.025984764099121;3.138209819793701;58.08079528808594;73.82564544677734;36.7679328918457;43.48276519775391
17.01.2023;11.299670219421388;7.835904121398926;44.7565803527832;8.430816650390625;25.620439529418945;5.44317102432251;124.6864013671875;55.97715377807617;124.06432342529295;21.332199096679688;369.1602783203125;49.40785598754883;91.87168884277344;20.97180557250977;14.07114028930664;31.799503326416016;254.1519012451172;14.91097354888916;140.55789184570312;9.52387809753418;45.408329010009766;25.575048446655277;116.84664154052734;87.40123748779297;3.132788896560669;50.663570404052734;140.64292907714844;77.5060043334961;91.4080810546875;58.211463928222656;13.40979290008545;2.9921250343322754;26.16891860961914;0.2247970998287201;17.876466751098633;45.41948318481445;29.682859420776367;34.065208435058594;1611.5982666015625;35.16495895385742;110.24625396728516;86.01258850097656;59.88368606567383;15.16153335571289;8.010262489318848;3.180333375930786;58.665645599365234;74.26771545410156;37.49902725219727;43.76031494140625
18.01.2023;11.22411823272705;8.005512237548828;44.588321685791016;8.454741477966309;26.05003547668457;5.514556884765625;124.37615966796876;55.49505233764648;125.34394073486328;21.417871475219727;365.9169921875;50.05071258544922;92.15611267089844;20.881797790527344;14.285420417785645;31.799503326416016;249.2169189453125;15.061306953430176;140.72866821289062;9.56816864013672;45.31765365600586;25.634546279907227;114.1910400390625;86.15857696533203;3.1418957710266118;51.13267517089844;142.69338989257812;77.41204833984375;92.29656982421876;57.86599349975586;13.24474811553955;2.9921250343322754;26.08917617797852;0.2259833663702011;17.29353904724121;45.56615447998047;29.868377685546875;34.23990249633789;1615.486328125;34.90982437133789;112.350341796875;85.92308807373047;60.76432800292969;15.76743984222412;7.962272644042969;3.264580488204956;58.80061721801758;75.15185546875;38.25917053222656;43.945350646972656
19.01.2023;10.945523262023926;8.141199111938477;44.588321685791016;8.32076644897461;26.397369384765625;5.514556884765625;124.78982543945312;55.19150924682617;123.32757568359376;21.417871475219727;359.2396850585937;48.74663925170898;91.96649932861328;20.026723861694336;14.088995933532717;32.15781021118164;264.515380859375;14.319045066833496;135.6436767578125;9.52387809753418;45.52619934082031;25.090576171875;115.07624053955078;83.16694641113281;3.132788896560669;50.663570404052734;141.6681671142578;75.68343353271484;90.9638442993164;57.002323150634766;13.20348834991455;2.97256851196289;25.57084846496582;0.2277627438306808;17.29353904724121;44.78390884399414;30.14665412902832;34.23990249633789;1569.3157958984375;34.18366241455078;110.8149185180664;84.22252655029297;64.72721862792969;15.50842571258545;7.920901298522949;3.1845457553863525;57.270992279052734;74.70978546142578;36.84055709838867;43.76031494140625
20.01.2023;11.024222373962402;8.039433479309082;44.42006301879883;8.384563446044922;26.616737365722656;5.7108683586120605;124.82429504394533;55.51290512084961;125.46026611328124;21.50354385375977;362.864501953125;48.50786590576172;92.06130981445312;20.071727752685547;14.231849670410156;33.23272705078125;266.4893798828125;14.535146713256836;136.080078125;9.56205940246582;45.65314102172852;25.328563690185547;114.1910400390625;81.51006317138672;3.114574909210205;51.601783752441406;143.905029296875;76.11558532714844;92.1188735961914;57.002323150634766;13.162227630615234;2.894343137741089;25.06581115722656;0.22539022564888;19.090900421142575;44.53945159912109;30.14665412902832;34.41459655761719;1582.4378662109375;33.64884948730469;112.7104949951172;85.38607025146484;65.96011352539062;15.790566444396973;7.957307815551758;3.2182445526123047;57.72088241577149;74.26771545410156;36.850242614746094;43.945350646972656
23.01.2023;11.02894401550293;8.039433479309082;44.7565803527832;8.435602188110352;26.63501739501953;5.800100326538086;123.79013061523438;55.56647872924805;127.36029815673828;21.589216232299805;365.34466552734375;49.11398315429688;92.81979370117188;20.071727752685547;14.062211036682127;33.85975646972656;270.4373779296875;14.6572904586792;138.11029052734375;9.629257202148438;45.61687469482422;25.33706283569336;113.30583953857422;82.75273132324219;3.1418957710266118;51.13267517089844;144.83705139160156;76.73564147949219;91.42584991455078;58.211463928222656;13.20348834991455;3.0312376022338867;25.544267654418945;0.22539022564888;19.33378791809082;45.56615447998047;29.775617599487305;34.41459655761719;1597.01806640625;33.77641677856445;112.99483489990234;85.83358764648438;66.92882537841797;15.96632480621338;7.932485580444336;3.2982795238494877;57.94582748413086;73.3747329711914;37.81857681274414;44.3154182434082
24.01.2023;11.04153537750244;8.039433479309082;44.08354949951172;8.496210098266602;26.890947341918945;5.693021774291992;124.6864013671875;57.20918655395508;127.26335144042967;21.674882888793945;362.0059814453125;48.98541259765625;92.06130981445312;20.071727752685547;14.106853485107422;34.57636642456055;270.4373779296875;14.713665008544922;138.58462524414062;9.898051261901855;45.471797943115234;25.60904693603516;116.84664154052734;83.3050308227539;3.1510026454925537;51.36723327636719;145.9554901123047;77.35568237304688;92.88298797607422;58.03872680664063;13.327271461486816;3.148576021194458;25.566415786743164;0.22539022564888;19.81955909729004;45.56615447998047;30.14665412902832;34.76398086547852;1604.3082275390625;34.07571792602539;114.47338104248048;85.83358764648438;66.4885025024414;15.605557441711426;7.967236995697021;3.167696237564087;57.94582748413086;72.94151306152344;37.85731506347656;44.40793228149414
25.01.2023;10.95496654510498;8.141199111938477;43.91529083251953;8.521727561950684;26.927509307861328;5.675175666809082;125.94464874267578;56.69137573242188;126.31333923339844;21.97473526000977;363.6753540039063;48.65480041503906;93.76789855957033;20.431760787963867;14.03542709350586;34.21806335449219;266.4893798828125;14.619708061218262;138.41384887695312;10.00648593902588;45.15444946289063;25.541051864624023;116.84664154052734;83.35105895996094;3.205644130706787;51.36723327636719;140.17691040039062;77.318115234375;92.1188735961914;58.72966384887695;13.2860107421875;3.148576021194458;25.579708099365234;0.2224245518445968;19.62525177001953;44.68612289428711;30.14665412902832;34.41459655761719;1611.5982666015625;33.467308044433594;113.86679077148438;85.20706176757812;66.92882537841797;15.684185028076172;7.952343463897705;3.1002986431121826;57.49593734741211;73.20675659179688;38.20107650756836;46.165748596191406
26.01.2023;11.066720008850098;8.073354721069336;43.91529083251953;8.654108047485352;26.96407127380371;5.853639602661133;126.97881317138672;57.512725830078125;127.96133422851562;21.93190193176269;367.5386352539063;48.35174179077149;94.3367691040039;20.8367919921875;14.080068588256836;34.57636642456055;271.42437744140625;14.929765701293944;139.3056182861328;9.982049942016602;44.61042022705078;25.651546478271484;116.84664154052734;85.46820068359375;3.1692166328430176;51.601783752441406;141.76136779785156;77.65632629394531;92.93629455566406;59.07513427734375;13.327271461486816;3.22680139541626;25.668310165405277;0.2188657373189926;19.33378791809082;45.56615447998047;29.96113586425781;34.8513298034668;1649.0208740234375;33.663570404052734;114.6250228881836;86.37061309814453;65.59904479980469;15.735063552856444;7.906835079193115;3.10451078414917;58.03580093383789;73.48967742919922;41.32881927490234;45.14806365966797
27.01.2023;11.180047035217283;8.039433479309082;44.08354949951172;8.737044334411621;27.29312515258789;5.764407157897949;127.7716827392578;57.548439025878906;128.15521240234375;22.0175724029541;361.0044250488281;49.76601791381836;93.19903564453124;20.8367919921875;14.160422325134276;35.561702728271484;277.34637451171875;14.91097354888916;140.2922821044922;9.924015045166016;44.90510177612305;25.711042404174805;116.84664154052734;84.08745574951172;3.196537494659424;51.601783752441406;141.6681671142578;77.93815612792969;93.32722473144533;59.42060470581055;13.616097450256348;3.1290197372436523;25.61515045166016;0.2188657373189926;19.33378791809082;45.61505126953125;29.775617599487305;35.81214141845703;1649.9927978515625;33.0600700378418;110.53059387207033;86.37061309814453;65.59904479980469;16.401098251342773;7.898560047149658;3.1845457553863525;58.93558120727539;75.2314224243164;42.30684280395508;45.14806365966797
30.01.2023;11.030516624450684;8.17512035369873;44.42006301879883;8.72588062286377;27.146879196166992;5.853639602661133;127.4097137451172;58.11981964111328;127.76744842529295;21.760555267333984;362.7691040039063;49.04051971435547;95.0004425048828;20.74678611755371;14.20506477355957;35.83042907714844;276.85284423828125;14.892184257507324;139.628173828125;9.90568733215332;45.42646026611328;25.736541748046875;112.4206314086914;81.74018096923828;3.196537494659424;51.13267517089844;140.92254638671875;77.5060043334961;92.33211517333984;59.24786758422852;13.574836730957031;2.953011989593506;25.358200073242188;0.2218314111232757;19.62525177001953;45.17502975463867;29.49734115600586;37.55907440185547;1658.2548828125;32.89815902709961;109.48802947998048;85.65457916259766;67.369140625;16.31321907043457;7.956480503082275;3.1002986431121826;58.53068542480469;77.36219787597656;42.19548416137695;44.870513916015625
31.01.2023;11.321704864501951;8.514337539672852;44.42006301879883;8.800841331481934;27.21086311340332;5.800100326538086;125.8757095336914;57.79841613769531;127.76744842529295;21.97473526000977;360.6228332519531;48.25990676879883;95.19007110595705;20.61177444458008;14.437203407287598;35.7408561706543;274.8788452148437;15.127076148986816;140.70970153808594;9.942341804504396;45.61687469482422;25.70254135131836;112.4206314086914;88.22969055175781;3.2147512435913086;51.36723327636719;142.0409698486328;76.7732162475586;92.08332824707033;58.90239715576172;13.616097450256348;3.1876885890960693;25.65501976013184;0.2236108183860778;19.04232406616211;47.13066101074219;29.868377685546875;37.733768463134766;1666.51708984375;33.42314910888672;108.84353637695312;86.63912200927734;67.369140625;16.470476150512695;8.04418659210205;3.1087234020233154;57.81085968017578;75.24026489257812;41.745208740234375;44.68548202514648
01.02.2023;11.406702041625977;8.480415344238281;44.92483901977539;8.831145286560059;27.34796714782715;5.853639602661133;125.5309829711914;59.405418395996094;127.37966918945312;22.188915252685547;355.2333068847656;49.00378036499024;95.7589340209961;20.7017822265625;14.38363265991211;35.203399658203125;277.34637451171875;15.202241897583008;141.73426818847656;10.043140411376951;45.97049331665039;26.04252243041992;112.4206314086914;90.16273498535156;3.205644130706787;50.89812088012695;144.65065002441406;77.46842193603516;93.04290008544922;58.90239715576172;13.327271461486816;3.168132305145264;25.774635314941406;0.22539022564888;20.305334091186523;46.69064331054688;29.682859420776367;36.68561172485352;1648.048828125;33.61941146850586;109.98088073730467;86.2811050415039;65.2115707397461;16.493602752685547;8.04004955291748;3.075024366378784;58.26074600219727;74.26771545410156;42.86363983154297;44.77799987792969
02.02.2023;11.96389389038086;8.88747501373291;44.588321685791016;8.922056198120117;28.152318954467773;5.728714942932129;126.4272689819336;63.1907958984375;128.58175659179688;22.23175048828125;360.0028076171875;50.82213592529297;94.3367691040039;20.881797790527344;14.526487350463867;35.7408561706543;280.307373046875;15.559276580810549;144.58035278320312;9.859870910644531;45.80728149414063;26.36550521850586;115.07624053955078;90.11671447753906;3.178323745727539;50.89812088012695;150.6156463623047;78.67093658447266;93.32722473144533;59.42060470581055;13.616097450256348;3.168132305145264;26.797998428344727;0.2247970998287201;19.7224063873291;48.01069259643555;29.775617599487305;37.47173309326172;1691.7894287109375;37.78504180908203;111.61106872558594;86.19160461425781;65.15872955322266;16.447351455688477;7.98295783996582;3.0244760513305664;59.565425872802734;72.49943542480469;44.07406997680664;44.68548202514648
03.02.2023;11.982781410217283;8.955317497253418;44.588321685791016;8.979474067687988;28.417388916015625;5.817946910858154;125.23795318603516;66.9761734008789;128.34909057617188;22.188915252685547;366.68011474609375;50.99662399291992;95.19007110595705;20.79179000854492;14.4014892578125;35.83042907714844;286.2293395996094;15.709609031677246;146.8951416015625;10.00037670135498;46.00676345825195;26.17001724243164;116.84664154052734;90.0706787109375;3.2329649925231934;51.36723327636719;152.10687255859375;79.704345703125;93.5937728881836;59.07513427734375;13.40979290008545;3.168132305145264;26.91318130493164;0.2218314111232757;20.499645233154297;47.71735000610352;29.682859420776367;37.733768463134766;1728.239990234375;37.78504180908203;111.00448608398438;87.89216613769531;64.28690338134766;16.697113037109375;7.935794353485107;3.020263671875;58.57566833496094;73.38357543945312;44.650238037109375;46.165748596191406
06.02.2023;11.848991394042969;9.12492561340332;44.7565803527832;8.808815956115723;28.289424896240234;5.7108683586120605;123.79013061523438;64.99420166015625;126.75926208496094;22.06040573120117;364.3430480957031;50.05989456176758;95.7589340209961;20.74678611755371;14.4639892578125;36.00958633422852;285.2423095703125;15.408946990966797;144.25778198242188;9.94997787475586;45.78915023803711;25.76203727722168;116.84664154052734;87.12509155273438;3.22385835647583;51.13267517089844;151.26806640625;78.7085189819336;92.84745025634766;59.42060470581055;13.492315292358398;3.207245111465454;26.607501983642575;0.2247970998287201;21.37403678894043;47.47289276123047;30.14665412902832;38.083152770996094;1693.7335205078125;37.397422790527344;109.69654083251952;87.6236572265625;64.72721862792969;16.75261688232422;7.915110111236572;2.9739277362823486;57.40596008300781;72.58785247802734;43.68673706054688;45.61064529418945
07.02.2023;11.86945343017578;9.091004371643066;44.7565803527832;8.885372161865234;27.987794876098636;5.90717887878418;124.41062927246094;65.70841979980469;125.44087982177734;21.846227645874023;359.4781494140625;49.4354133605957;97.0862808227539;20.881797790527344;14.4014892578125;35.47212600708008;287.2163391113281;15.446528434753418;142.79681396484375;9.80641746520996;45.71660614013672;25.77054023742676;115.07624053955078;87.07907104492188;3.178323745727539;50.663570404052734;149.31077575683594;77.67510986328125;92.13664245605467;59.59333419799805;13.533575057983398;3.168132305145264;26.448017120361328;0.2206451445817947;21.37403678894043;47.815128326416016;30.610450744628903;37.82111358642578;1666.0311279296875;37.27967071533203;106.43616485595705;88.4291763305664;64.72721862792969;17.05325698852539;7.902698993682861;2.9697153568267822;57.31597900390625;71.88054656982422;43.83198547363281;44.77799987792969
08.02.2023;11.899359703063965;8.88747501373291;44.588321685791016;8.944384574890137;28.34426689147949;5.871486186981201;126.37556457519533;66.06554412841797;126.19701385498048;22.874286651611328;358.0473022460937;47.460933685302734;96.70703887939452;21.061813354492188;14.633627891540527;33.85975646972656;291.164306640625;15.606256484985352;140.9563446044922;9.997322082519531;45.734745025634766;25.97452545166016;116.84664154052734;87.86149597167969;3.2147512435913086;50.89812088012695;149.77679443359375;76.84838104248047;92.68751525878906;60.28427505493164;13.40979290008545;3.148576021194458;26.45687866210937;0.2200520038604736;21.08257484436035;48.20625686645508;30.239410400390625;37.55907440185547;1642.70263671875;37.07359313964844;107.38394927978516;100.78062438964844;65.16754150390625;17.0671329498291;7.956480503082275;3.0792367458343506;57.85585021972656;73.3747329711914;43.7545166015625;45.33309555053711
09.02.2023;12.330633163452148;8.751787185668945;44.588321685791016;9.32557487487793;28.14318084716797;5.853639602661133;125.15177917480467;66.79761505126953;126.89498138427734;23.25980758666992;361.2905883789063;48.17725372314453;101.2579574584961;21.1068172454834;14.722911834716797;35.47212600708008;283.2683410644531;15.606256484985352;143.9352264404297;9.9881591796875;45.70754623413086;26.07652282714844;115.96144104003906;88.82801055908203;3.1510026454925537;50.89812088012695;151.26806640625;79.9674072265625;94.02025604248048;59.93880462646485;13.451053619384766;3.2854702472686768;26.66066551208496;0.2224245518445968;23.122821807861328;48.792945861816406;30.332172393798828;37.29703903198242;1652.4227294921875;36.906776428222656;107.72515106201172;96.8424835205078;63.8465690612793;17.626787185668945;7.910145282745361;3.066599607467652;58.03580093383789;73.38357543945312;44.68412780761719;45.703163146972656
10.02.2023;12.119717597961426;8.683944702148438;44.25180435180664;9.221903800964355;26.954931259155277;5.728714942932129;122.6525421142578;66.136962890625;126.0031280517578;23.00279426574707;358.2857971191406;48.16807174682617;101.06832885742188;20.926803588867188;14.847909927368164;34.12848281860352;285.2423095703125;15.578068733215332;142.3224639892578;10.084375381469728;45.48992919921875;25.932029724121094;115.96144104003906;88.36775970458984;3.1874303817749023;51.36723327636719;148.2855682373047;80.60624694824219;93.36276245117188;60.11153793334961;13.451053619384766;3.3050270080566406;25.969560623168945;0.2236108183860778;22.831357955932617;48.45071029663086;30.332172393798828;37.29703903198242;1628.1226806640625;36.317989349365234;107.80097198486328;97.55850982666016;63.85538482666016;17.506528854370117;8.016054153442383;3.1424219608306885;57.585914611816406;72.49943542480469;43.50758743286133;45.33309555053711
13.02.2023;12.192121505737305;8.785710334777832;44.588321685791016;9.205954551696776;27.366249084472656;5.925025463104248;124.72087097167967;66.17267608642578;128.5041961669922;22.4459285736084;371.6881103515625;48.37929534912109;100.49947357177734;20.926803588867188;14.740768432617188;34.57636642456055;287.2163391113281;15.643838882446287;145.58596801757812;10.02634048461914;45.870750427246094;26.127517700195312;117.73184204101562;89.56442260742188;3.2784998416900635;50.89812088012695;149.1243896484375;81.99665069580078;96.11709594726562;60.28427505493164;13.616097450256348;3.3832523822784424;26.071453094482425;0.2194588929414749;22.928510665893555;48.25514602661133;30.332172393798828;37.82111358642578;1663.6009521484375;36.759578704833984;109.56385803222656;96.6634750366211;64.72721862792969;17.395524978637695;8.026811599731445;3.180333375930786;58.08079528808594;72.11041259765625;43.948184967041016;44.500450134277344
14.02.2023;12.251934051513672;8.650023460388184;44.588321685791016;9.221903800964355;27.539913177490234;5.942872047424316;124.47958374023438;66.90475463867188;125.78986358642578;22.57443618774414;369.8757019042969;48.47112655639648;100.30985260009766;21.016809463500977;14.7496976852417;34.397212982177734;293.1383361816406;15.643838882446287;143.70755004882812;10.11033821105957;45.94328689575195;26.22951316833496;117.73184204101562;89.47235870361328;3.287606716156006;50.89812088012695;149.49720764160156;81.90270233154297;95.61954498291016;60.8024787902832;13.616097450256348;3.3050270080566406;26.08917617797852;0.2224245518445968;22.928510665893555;48.25514602661133;30.239410400390625;37.99581146240234;1664.5731201171875;37.152099609375;109.92401885986328;94.69440460205078;65.16754150390625;17.659162521362305;8.212154388427734;3.1297850608825684;58.08079528808594;72.057373046875;44.16121673583984;44.870513916015625
15.02.2023;12.49905014038086;8.717866897583008;44.588321685791016;9.237853050231934;28.05177497863769;5.925025463104248;125.63439178466795;67.42255401611328;128.27154541015625;24.844730377197266;372.02197265625;49.23337173461914;99.93061065673828;21.241830825805664;14.955049514770508;35.47212600708008;297.0863037109375;15.78477382659912;146.70541381835938;10.146991729736328;46.96787643432617;26.92647361755371;116.84664154052734;90.8070831298828;3.3240346908569336;51.601783752441406;151.08163452148438;84.0259017944336;97.04113006591795;60.62973785400391;13.616097450256348;3.2854702472686768;26.580923080444336;0.2206451445817947;23.2199764251709;48.25514602661133;30.332172393798828;38.17050552368164;1683.5272216796875;37.29928970336914;112.84318542480467;96.4844741821289;62.43754577636719;17.52965545654297;8.251042366027832;3.09187388420105;58.21575546264648;72.10157775878906;44.70833206176758;44.77799987792969
16.02.2023;12.510066986083984;8.683944702148438;44.7565803527832;9.410106658935549;28.12489891052246;5.925025463104248;127.87511444091795;67.08330535888672;129.99708557128906;24.58771705627441;373.5482177734375;48.755821228027344;100.49947357177734;21.28683280944824;14.955049514770508;35.02424240112305;291.164306640625;15.73779582977295;147.99562072753906;10.21266269683838;46.868141174316406;26.98596954345703;117.73184204101562;92.3259048461914;3.396890163421631;51.13267517089844;153.13209533691406;83.7816390991211;96.4902572631836;58.211463928222656;13.616097450256348;3.109463214874268;26.73154640197754;0.2206451445817947;24.288679122924805;48.15736389160156;30.14665412902832;37.99581146240234;1692.2755126953125;37.57896423339844;118.41616821289062;95.41043090820312;62.965938568115234;17.33539581298828;8.78390121459961;3.1213603019714355;58.35072708129883;72.94151306152344;45.06661987304688;44.500450134277344
17.02.2023;12.552565574645996;8.921396255493164;44.588321685791016;9.370231628417969;27.4667911529541;5.925025463104248;128.77137756347656;67.47612762451172;132.67263793945312;25.144580841064453;366.8708801269531;50.0690803527832;100.49947357177734;21.961891174316406;14.847909927368164;34.12848281860352;287.7098388671875;15.75658893585205;148.24227905273438;10.308879852294922;47.2308235168457;27.00296974182129;115.96144104003906;91.86565399169922;3.396890163421631;51.601783752441406;153.41171264648438;84.1010513305664;97.325439453125;58.38419723510742;13.616097450256348;3.1876885890960693;26.87774085998535;0.2164932489395141;24.288679122924805;48.49959564208984;29.96113586425781;38.43254089355469;1698.1072998046875;36.7448616027832;119.09856414794922;95.58943939208984;62.52560806274414;17.08563232421875;8.864988327026367;2.986564874649048;58.39571762084961;72.16346740722656;44.45172500610352;43.48276519775391
20.02.2023;12.695798873901367;8.785710334777832;44.42006301879883;9.320789337158203;27.402809143066406;5.871486186981201;131.0637969970703;67.02973937988281;130.65628051757812;26.044132232666016;363.38916015625;49.88540267944336;99.93061065673828;21.37683868408203;14.785409927368164;34.21806335449219;291.164306640625;15.80356502532959;148.52688598632812;10.380660057067873;47.38496780395508;26.705486297607425;115.07624053955078;91.81963348388672;3.378676176071167;51.601783752441406;154.0641326904297;82.95491027832031;96.91673278808594;58.72966384887695;13.574836730957031;3.2854702472686768;26.68281555175781;0.2170863598585128;25.260225296020508;48.59738159179688;30.14665412902832;39.56805038452149;1669.3756103515625;36.705604553222656;116.4258041381836;94.15738677978516;62.08529281616211;17.30764389038086;8.957660675048828;2.999201774597168;58.53068542480469;73.02992248535156;43.948184967041016;43.2977294921875
21.02.2023;12.488031387329102;8.785710334777832;44.588321685791016;9.266561508178713;27.65873908996582;5.800100326538086;130.0640869140625;67.38685607910156;130.24913024902344;26.044132232666016;368.0632629394531;48.7650032043457;100.49947357177734;21.511852264404297;14.70505428314209;35.83042907714844;291.164306640625;15.831754684448242;145.18748474121094;10.88159465789795;47.43030548095703;26.54399299621582;117.73184204101562;93.24640655517578;3.3877830505371094;52.070892333984375;150.89523315429688;82.5603256225586;96.75682067871094;58.90239715576172;13.616097450256348;3.3050270080566406;26.616363525390625;0.2147138267755508;25.260225296020508;48.10847854614258;29.868377685546875;40.4415168762207;1659.6358642578125;36.47990417480469;116.4068603515625;92.9043426513672;61.82109451293945;17.474151611328125;8.926218032836914;2.9739277362823486;57.49593734741211;72.057373046875;43.58989715576172;43.2977294921875
22.02.2023;12.765052795410156;8.785710334777832;44.588321685791016;9.079954147338867;27.48507308959961;5.800100326538086;128.94374084472656;67.42255401611328;130.0358428955078;25.70144462585449;368.44482421875;49.1599006652832;100.6890869140625;21.061813354492188;14.722911834716797;34.397212982177734;289.1903381347656;15.831754684448242;145.8136444091797;10.757888793945312;49.56108474731445;26.67998695373535;114.1910400390625;92.60205078125;3.442424774169922;52.30544662475586;150.8020477294922;82.99248504638672;96.97003936767578;58.90239715576172;13.574836730957031;3.3050270080566406;26.22208023071289;0.2147138267755508;24.482988357543945;48.35293197631836;30.14665412902832;40.09212875366211;1675.706298828125;36.98037338256836;116.3689422607422;93.4413604736328;59.4521713256836;16.710988998413086;9.003994941711426;2.8896803855896;56.91108322143555;70.19183349609375;43.18803787231445;43.2977294921875
23.02.2023;13.223085403442385;9.02316188812256;44.7565803527832;9.150132179260254;28.015213012695312;5.782253265380859;128.04745483398438;67.69039154052734;130.71441650390625;25.915624618530277;366.68011474609375;49.00378036499024;101.06832885742188;21.016809463500977;14.713982582092283;34.397212982177734;288.69683837890625;15.906917572021484;146.53466796875;10.79759693145752;48.87198638916016;27.21545791625977;115.96144104003906;97.2045440673828;3.469745635986328;52.070892333984375;162.3591766357422;83.08644104003906;95.72615814208984;58.55693435668945;13.616097450256348;3.168132305145264;26.33283233642578;0.2147138267755508;24.9687614440918;48.74405288696289;29.96113586425781;39.30601501464844;1677.654296875;36.68107604980469;117.94226837158205;92.9043426513672;58.994232177734375;16.76649284362793;8.914633750915527;2.9402287006378174;57.36096954345703;70.20952606201172;43.78841018676758;43.2977294921875
24.02.2023;12.941340446472168;9.158848762512209;44.7565803527832;9.051246643066406;29.00237274169922;5.817946910858154;127.32355499267578;67.27971649169922;129.2215576171875;25.70144462585449;355.7579650878906;51.36397171020508;103.3437957763672;20.881797790527344;14.70505428314209;33.77018356323242;288.20330810546875;15.615653038024902;141.3548126220703;10.705962181091309;48.75410842895508;27.300451278686523;115.07624053955078;99.68988800048828;3.579029083251953;52.30544662475586;167.11251831054688;81.00082397460938;93.8603286743164;58.90239715576172;14.02870750427246;3.168132305145264;26.049304962158203;0.2218314111232757;24.677295684814453;47.8640251159668;30.14665412902832;40.17947769165039;1633.82568359375;36.2198600769043;115.57280731201172;93.4413604736328;57.85820770263672;16.729488372802734;9.003994941711426;2.9444408416748047;57.00105667114258;70.05036926269531;43.19771957397461;43.02018356323242
27.02.2023;13.084572792053224;9.226692199707031;44.7565803527832;9.145346641540527;29.01151466369629;5.800100326538086;130.65011596679688;67.77967071533203;130.7725830078125;25.915624618530277;360.8136291503906;51.17111587524414;105.2400131225586;20.97180557250977;14.597914695739746;34.038909912109375;284.2553405761719;15.935104370117188;144.2198486328125;10.663199424743652;48.7359733581543;27.36844825744629;115.96144104003906;99.32168579101562;3.5061733722686768;52.070892333984375;168.1377410888672;82.128173828125;95.58399963378906;58.72966384887695;14.688880920410156;3.089906692504883;26.76255798339844;0.2218314111232757;23.2199764251709;47.7662353515625;30.053895950317383;40.266822814941406;1670.83642578125;36.21004867553711;117.1840362548828;93.97837829589844;57.85820770263672;16.956125259399414;8.984137535095215;3.0160512924194336;57.31597900390625;70.11226654052734;44.09343719482422;42.742637634277344
28.02.2023;13.00902271270752;8.853553771972656;44.588321685791016;9.220309257507324;28.77386283874512;5.800100326538086;129.75384521484375;67.1725845336914;129.8613739013672;25.444433212280277;357.808837890625;51.7313117980957;108.6531982421875;20.7017822265625;14.66041374206543;34.21806335449219;279.32037353515625;15.972688674926758;144.314697265625;10.56545639038086;48.27355194091797;27.232458114624023;115.96144104003906;100.70243072509766;3.551708459854126;52.53999710083008;174.38232421875;82.29727935791016;95.81500244140624;59.42060470581055;14.977705955505373;3.0507938861846924;26.34612464904785;0.2236108183860778;22.151273727416992;48.01069259643555;30.053895950317383;40.17947769165039;1670.83642578125;35.89603805541992;117.54419708251952;93.62036895751952;60.76432800292969;16.974626541137695;8.929527282714844;2.9739277362823486;57.40596008300781;71.88054656982422;43.986915588378906;42.09502029418945
01.03.2023;13.430850982666016;9.12492561340332;44.588321685791016;9.083145141601562;27.94209098815918;5.800100326538086;128.68521118164062;68.11892700195312;129.8613739013672;25.530101776123047;354.85174560546875;52.814979553222656;111.87677001953124;21.016809463500977;14.731840133666992;34.30763244628906;276.359375;15.747191429138184;145.68081665039062;10.38676929473877;48.09220504760742;27.61493682861328;115.07624053955078;97.11249542236328;3.5608150959014893;53.47821044921875;178.01724243164062;82.61670684814453;95.53067779541016;59.59333419799805;14.936446189880373;3.168132305145264;26.29739189147949;0.2271696031093597;22.539894104003903;48.20625686645508;30.053895950317383;40.17947769165039;1666.4534912109375;35.40538024902344;115.93296813964844;93.08334350585938;60.244754791259766;16.678611755371094;8.893120765686035;3.0244760513305664;58.03580093383789;71.88054656982422;44.258056640625;42.280052185058594
02.03.2023;13.511123657226562;8.88747501373291;44.588321685791016;9.012968063354492;27.914669036865234;5.764407157897949;128.89202880859375;68.42247772216797;129.68685913085938;25.829952239990234;360.9090270996094;52.57620620727539;109.41168975830078;21.421844482421875;14.865766525268556;34.038909912109375;281.787841796875;15.850543975830078;145.2254638671875;10.510476112365724;48.65436935424805;27.725425720214844;115.07624053955078;98.30914306640624;3.579029083251953;54.18186950683594;180.1609039306641;82.69184875488281;95.93939971923828;59.76606750488281;14.936446189880373;3.070350646972656;26.111326217651367;0.2289490103721618;20.402490615844727;49.28185272216797;29.5900993347168;40.09212875366211;1683.0111083984375;35.80281066894531;116.4826889038086;93.79937744140624;60.05981063842773;17.848798751831055;8.894776344299316;3.0497500896453857;58.26074600219727;71.79212951660156;42.82490921020508;42.465087890625
03.03.2023;13.899900436401367;9.226692199707031;44.08354949951172;9.10866355895996;28.325984954833984;5.800100326538086;129.58148193359375;69.26168060302734;131.0828094482422;25.78711700439453;362.3398742675781;53.46702194213867;109.98055267333984;21.37683868408203;15.14254379272461;34.66594314575195;284.2553405761719;16.07604217529297;146.93309020996094;10.58531093597412;48.79944610595703;27.716928482055664;117.73184204101562;99.13758850097656;3.6336705684661865;54.88553237915039;181.3725433349609;83.72527313232422;96.56134796142578;60.28427505493164;14.895184516906738;3.089906692504883;26.323972702026367;0.2230176925659179;18.653705596923828;50.16188430786133;29.682859420776367;40.00478363037109;1690.3157958984375;36.37196350097656;117.67689514160156;93.97837829589844;60.76432800292969;18.417701721191406;8.891467094421387;3.083449125289917;58.89059448242188;72.58785247802734;43.87070846557617;41.81747055053711
06.03.2023;13.833791732788086;8.989240646362305;44.588321685791016;9.19478988647461;29.14861869812012;5.817946910858154;128.27154541015625;68.99385070800781;131.62567138671875;25.401594161987305;360.8136291503906;53.07212066650391;109.03244018554688;21.421844482421875;14.937192916870115;35.203399658203125;277.34637451171875;16.132415771484375;147.5782012939453;10.695272445678713;48.43675994873047;27.776424407958984;115.07624053955078;99.50578308105467;3.824916124343872;53.94731903076172;182.9569854736328;83.76285552978516;97.02335357666016;60.11153793334961;15.349055290222168;3.1876885890960693;26.966344833374023;0.2313215285539627;18.653705596923828;49.08628845214844;29.5900993347168;39.13131332397461;1696.1595458984375;36.47990417480469;117.4304656982422;95.94744873046876;61.63616180419922;18.51020622253418;8.995720863342285;3.0792367458343506;59.835357666015625;72.85308837890625;44.36457443237305;42.00250625610352
07.03.2023;13.79286766052246;9.328455924987791;44.588321685791016;9.087929725646973;29.020654678344727;5.871486186981201;129.098876953125;68.92242431640625;131.62567138671875;24.930402755737305;359.7166748046875;52.51192092895508;109.41168975830078;21.331836700439453;14.803267478942873;35.651275634765625;277.34637451171875;16.047855377197266;146.64849853515625;10.7410888671875;48.971717834472656;27.538440704345703;117.73184204101562;99.13758850097656;3.8067026138305664;53.71276473999024;182.490966796875;83.3870620727539;96.27701568603516;59.76606750488281;15.26653289794922;3.1290197372436523;26.430295944213867;0.2461498379707336;18.702280044555664;48.40182113647461;29.5900993347168;39.83008575439453;1705.4122314453125;36.4700927734375;117.54419708251952;95.58943939208984;61.64496994018555;18.97273063659668;8.927873611450195;3.0244760513305664;59.43046569824219;73.4808349609375;43.56085205078125;42.09502029418945
08.03.2023;13.759815216064451;10.040811538696287;44.25180435180664;9.121423721313477;28.86526870727539;5.996411323547363;128.42666625976562;68.6903076171875;130.32669067382812;25.01607322692871;358.8581237792969;52.38335418701172;109.41168975830078;21.556856155395508;14.66041374206543;35.83042907714844;278.3333435058594;16.649179458618164;147.17974853515625;10.793014526367188;49.40694427490234;27.80192375183105;117.73184204101562;97.29659271240234;3.824916124343872;53.24365615844727;183.5161895751953;83.61253356933594;96.68572998046876;59.42060470581055;15.26653289794922;3.1290197372436523;26.350555419921875;0.2425910532474517;18.216508865356445;49.37963485717773;29.31182289123535;40.965599060058594;1684.958984375;36.21004867553711;117.50628662109376;94.5154037475586;61.64496994018555;19.259496688842773;8.957660675048828;2.9739277362823486;62.62468338012695;74.26771545410156;45.01820755004883;41.81747055053711
09.03.2023;13.530012130737305;10.142576217651367;44.42006301879883;9.011372566223145;28.563634872436523;6.067797183990479;129.56423950195312;67.70824432373047;131.76138305664062;25.144580841064453;358.5242919921875;51.7772331237793;109.03244018554688;21.511852264404297;14.731840133666992;36.00958633422852;277.83984375;16.404891967773438;149.5135498046875;10.767051696777344;49.85123062133789;27.62343406677246;117.73184204101562;97.02044677734376;3.815809726715088;53.94731903076172;184.07542419433597;84.00711822509766;96.43694305419922;59.07513427734375;15.307793617248535;3.1876885890960693;26.058162689208984;0.2342872023582458;18.362239837646484;44.00165557861328;29.682859420776367;40.35416793823242;1683.0111083984375;36.07266998291016;117.99913787841795;92.9043426513672;63.40625381469727;18.73221778869629;8.969244003295898;2.9444408416748047;61.6799201965332;73.69302368164062;45.55078887939453;41.81747055053711
10.03.2023;13.284469604492188;9.905125617980955;43.91529083251953;8.78808307647705;28.106618881225582;6.103490352630615;128.28875732421875;66.52977752685547;129.3572540283203;24.80189514160156;356.5687561035156;51.08846282958984;107.32585144042967;21.87188148498535;14.553271293640137;35.83042907714844;271.42437744140625;16.235767364501953;144.50445556640625;10.768579483032228;49.87843322753906;27.402448654174805;115.96144104003906;96.37609100341795;3.7702748775482178;53.47821044921875;182.3045654296875;80.90687561035156;96.17039489746094;58.72966384887695;15.390316009521484;3.168132305145264;25.61515045166016;0.2419978976249694;17.779312133789062;43.61052703857422;30.332172393798828;39.91743850708008;1675.21923828125;35.567291259765625;115.26951599121094;97.37950134277344;60.8611946105957;18.48245620727539;8.999032020568848;2.927591323852539;59.34048080444336;73.38357543945312;44.79548263549805;43.02018356323242
13.03.2023;12.749314308166504;9.531987190246582;43.24225997924805;8.518538475036621;26.60759735107422;5.960718631744385;126.2549057006836;64.3156967163086;124.66535949707033;23.90234375;355.9964599609375;48.8109245300293;105.42962646484376;21.37683868408203;14.169351577758787;34.75551986694336;267.47637939453125;15.596861839294434;141.05120849609375;10.623491287231444;49.26187133789063;26.80748176574707;115.07624053955078;93.15435028076172;3.761167764663696;53.94731903076172;176.15316772460938;79.87345123291016;93.80701446533205;58.55693435668945;15.184011459350586;3.168132305145264;24.69367790222168;0.2419978976249694;17.48784637451172;42.82827377319336;30.332172393798828;40.4415168762207;1646.974365234375;35.503509521484375;111.9901885986328;94.33639526367188;59.8748779296875;17.848798751831055;8.894776344299316;2.7801589965820312;56.821102142333984;72.49943542480469;42.99437713623047;42.3725700378418
14.03.2023;12.903564453125;9.498064041137695;44.588321685791016;8.59988021850586;27.24742317199707;6.335494041442871;128.754150390625;65.77985382080078;129.06643676757812;24.58771705627441;360.1935729980469;49.09561538696289;105.2400131225586;21.37683868408203;14.27649211883545;35.651275634765625;273.891845703125;16.357912063598633;144.7321319580078;10.745670318603516;49.46134948730469;27.019969940185547;115.07624053955078;95.08740234375;3.724740266799927;53.71276473999024;182.7705841064453;81.30144500732422;95.12197875976562;59.93880462646485;15.184011459350586;3.109463214874268;24.85759162902832;0.239625409245491;17.19638442993164;44.1483268737793;30.424928665161133;40.965599060058594;1689.342041015625;36.1168212890625;115.8002700805664;97.021484375;58.21927261352539;18.52870750427246;8.835201263427734;3.167696237564087;57.63090515136719;71.17323303222656;44.41298675537109;41.81747055053711
15.03.2023;12.420350074768066;9.158848762512209;44.42006301879883;8.151703834533691;26.251123428344727;6.103490352630615;126.7547607421875;63.49434280395508;123.2500228881836;23.90234375;354.0409240722656;47.08440399169922;103.53341674804688;21.15182113647461;13.937212944030762;35.83042907714844;269.9438781738281;15.747191429138184;137.085693359375;10.354697227478027;49.26187133789063;26.569494247436523;115.96144104003906;90.94515991210938;3.73384690284729;52.7745475769043;175.68716430664062;78.84004974365234;90.98160552978516;59.59333419799805;15.184011459350586;3.070350646972656;24.007003784179688;0.2289490103721618;16.61345672607422;43.26829528808594;31.074241638183597;40.703556060791016;1642.1044921875;35.86659622192383;110.22731018066406;93.62036895751952;55.92079162597656;17.603660583496094;8.888155937194824;2.7001240253448486;56.10127639770508;67.24764251708984;42.72807693481445;41.72494888305664
16.03.2023;12.516364097595217;9.328455924987791;44.08354949951172;8.153298377990723;26.680721282958984;6.121336936950684;129.11610412597656;64.49424743652344;126.91436767578124;24.202194213867188;366.0124206542969;48.0119514465332;102.9645538330078;21.60186004638672;14.249707221984863;36.00958633422852;275.8658752441406;15.953897476196287;141.240966796875;10.519639015197754;49.89657211303711;26.892475128173828;116.84664154052734;93.24640655517578;3.706526517868042;51.13267517089844;178.85604858398438;80.13651275634766;93.00737762451172;59.59333419799805;15.225274085998535;3.0507938861846924;24.33040428161621;0.2366597205400467;16.904918670654297;43.17051315307617;32.37287139892578;40.7909049987793;1719.047607421875;37.37289047241211;113.05169677734376;94.5154037475586;56.4051513671875;17.830297470092773;8.869953155517578;2.712761163711548;57.18101119995117;64.551025390625;43.83198547363281;41.6324348449707
17.03.2023;12.368408203125;9.328455924987791;43.074005126953125;7.966691493988037;26.123157501220703;6.210568904876709;126.87540435791016;62.61941909790039;124.45209503173828;23.731002807617188;362.7214050292969;46.93746948242188;102.9645538330078;21.421844482421875;13.97292709350586;35.47212600708008;276.85284423828125;15.53109073638916;138.58462524414062;10.256953239440918;49.37973785400391;26.492998123168945;113.30583953857422;92.1417999267578;3.5243873596191406;50.663570404052734;174.75514221191406;79.64798736572266;91.92341613769533;59.42060470581055;15.018967628479004;3.0312376022338867;24.06459617614746;0.2277627438306808;17.48784637451172;41.99713516235352;32.09458923339844;40.7909049987793;1684.958984375;36.91168212890625;110.6443328857422;93.4413604736328;55.56853485107422;18.23731803894043;8.745841026306152;2.759097099304199;55.24648666381836;67.18576049804688;43.98207473754883;41.72494888305664
20.03.2023;12.472291946411133;9.226692199707031;43.24225997924805;8.019323348999023;26.32424545288086;6.281954765319824;129.68490600585938;63.833587646484375;126.39089965820312;24.11652374267578;369.1126098632813;47.2680778503418;103.72303771972656;21.646862030029297;14.169351577758787;35.83042907714844;278.3333435058594;15.672026634216309;139.72305297851562;10.359278678894045;49.74242782592773;26.552494049072266;112.4206314086914;91.95771026611328;3.487959623336792;52.53999710083008;176.8055877685547;79.9110336303711;93.07844543457033;59.59333419799805;15.018967628479004;3.148576021194458;24.19306945800781;0.2378459721803665;17.48784637451172;42.19269561767578;32.46562576293945;41.227638244628906;1714.1778564453125;37.00981140136719;112.4072036743164;92.9043426513672;55.04015350341797;18.394577026367188;8.848440170288086;2.792795896530152;56.10127639770508;66.31046295166016;44.00147247314453;41.90998458862305
21.03.2023;12.749314308166504;9.260612487792969;44.25180435180664;8.19955062866211;27.21086311340332;6.317647933959961;129.28846740722656;65.02992248535156;130.0358428955078;24.416372299194336;367.8248291015625;48.480316162109375;105.2400131225586;20.97180557250977;14.38363265991211;36.36788558959961;282.7748413085937;16.26395606994629;141.33583068847656;10.579201698303224;50.18671798706055;26.98596954345703;114.1910400390625;94.0748519897461;3.724740266799927;51.13267517089844;175.8735809326172;81.03839874267578;95.1042022705078;60.8024787902832;15.018967628479004;3.0312376022338867;24.631654739379883;0.224203959107399;17.48784637451172;42.926063537597656;32.46562576293945;41.92641067504883;1708.3341064453125;36.79883193969727;115.25055694580078;94.15738677978516;54.599830627441406;18.63971328735352;8.951040267944336;2.8981049060821533;57.81085968017578;65.73577117919922;44.462039947509766;42.00250625610352
22.03.2023;12.744592666625977;9.565908432006836;43.747032165527344;8.183602333068848;27.393667221069336;6.281954765319824;130.28814697265625;64.88707733154297;130.71441650390625;23.731002807617188;375.6467895507813;48.37010955810547;107.51547241210938;22.051898956298828;14.428275108337402;37.174072265625;282.28131103515625;16.24516487121582;141.71530151367188;10.602109909057615;50.966495513916016;26.781982421875;114.1910400390625;93.70665740966795;3.824916124343872;51.601783752441406;176.8988037109375;80.3807601928711;94.81990051269533;63.39349365234375;14.936446189880373;3.0312376022338867;24.631654739379883;0.2319146692752838;17.779312133789062;43.31718063354492;32.46562576293945;41.92641067504883;1727.8134765625;36.65653991699219;114.68189239501952;94.69440460205078;52.82973861694336;19.18549156188965;8.956005096435547;2.9107420444488525;57.90083694458008;65.8683853149414;44.9759407043457;41.5399169921875
23.03.2023;12.74144458770752;9.701594352722168;43.41051483154297;8.09428596496582;27.201723098754883;6.264108657836914;130.42605590820312;63.9764404296875;130.57870483398438;23.51682472229004;379.1762390136719;47.80991363525391;110.17017364501952;21.826879501342773;14.374704360961914;37.174072265625;283.7618408203125;16.3485164642334;142.18963623046875;10.614327430725098;50.875823974609375;26.518497467041016;114.1910400390625;93.43050384521484;3.852237462997437;54.18186950683594;180.90652465820312;79.12188720703125;92.49205017089844;63.91169357299805;15.142751693725586;3.0312376022338867;24.476598739624023;0.2224245518445968;17.48784637451172;43.708309173583984;32.46562576293945;42.101104736328125;1754.1103515625;37.039249420166016;113.67723846435548;94.33639526367188;53.27006149291992;19.129987716674805;8.957660675048828;2.8138575553894043;58.03580093383789;66.75252532958984;45.75163269042969;41.6324348449707
24.03.2023;12.525808334350586;9.633750915527344;44.42006301879883;7.927615642547607;25.666139602661133;6.424726486206055;128.926513671875;61.29811096191406;129.2215576171875;23.34547996520996;379.7008972167969;45.27523040771485;107.51547241210938;21.37683868408203;14.222922325134276;37.174072265625;286.72283935546875;15.709609031677246;134.9985809326172;10.36538791656494;51.02090072631836;25.77054023742676;111.53543090820312;90.62297821044922;3.843130111694336;53.94731903076172;177.5512237548828;75.73980712890625;90.05757141113281;64.77536010742188;14.977705955505373;3.089906692504883;23.882959365844727;0.2295421510934829;17.48784637451172;43.02383804321289;32.37287139892578;41.92641067504883;1740.4749755859375;36.50444412231445;111.26986694335938;93.08334350585938;54.60863494873047;17.72391700744629;8.835201263427734;2.7001240253448486;56.01130294799805;67.63667297363281;44.02570343017578;41.6324348449707
27.03.2023;12.779220581054688;9.667672157287598;45.09309387207031;7.998589992523193;25.931211471557617;6.496112823486328;129.15057373046875;62.70869445800781;131.00526428222656;23.08846473693848;382.1810607910156;46.1568603515625;102.58531188964844;21.19682502746582;14.124709129333496;37.0844955444336;290.1773376464844;16.066646575927734;137.54107666015625;10.571565628051758;51.51959228515625;25.88953018188477;114.1910400390625;90.02466583251953;3.915986061096192;53.47821044921875;177.45802307128906;76.66048431396484;90.78614807128906;64.6026382446289;15.142751693725586;3.089906692504883;24.17534828186035;0.2295421510934829;17.19638442993164;43.21940231323242;32.28010940551758;41.75171661376953;1758.980224609375;36.313087463378906;112.86215209960938;92.36732482910156;55.04015350341797;17.964427947998047;9.01888942718506;2.733822822570801;56.59615707397461;68.51197052001953;44.45234298706055;41.72494888305664
28.03.2023;12.782367706298828;9.735516548156738;45.42961120605469;8.030488014221191;25.748403549194336;6.603190898895264;129.4091339111328;61.92305755615234;130.90830993652344;23.13130187988281;379.7485961914063;46.698692321777344;101.82682037353516;21.556856155395508;14.285420417785645;36.726192474365234;287.7098388671875;15.963293075561523;138.58462524414062;10.63418197631836;51.46518707275391;25.85553359985352;111.53543090820312;89.28826141357422;4.089017868041992;53.94731903076172;176.15316772460938;76.69805145263672;91.26593017578124;63.91169357299805;15.018967628479004;3.070350646972656;24.2905330657959;0.2313215285539627;17.19638442993164;43.41497039794922;32.651145935058594;41.83906555175781;1751.6756591796875;35.36613082885742;112.52094268798828;92.54633331298828;54.63505554199219;17.969053268432617;8.980828285217285;2.775946617126465;56.10127639770508;67.28301239013672;43.15789031982422;41.354888916015625
29.03.2023;12.906712532043455;9.905125617980955;45.76612854003906;8.175627708435059;26.33338737487793;6.674577236175537;130.21920776367188;63.69074630737305;133.25428771972656;23.60249137878418;384.3273315429688;47.4241943359375;99.93061065673828;21.646862030029297;14.544344902038574;36.81576919555664;293.6318359375;16.179391860961914;141.37376403808594;10.85410499572754;51.71907424926758;26.22101402282715;112.4206314086914;92.3259048461914;3.8340234756469727;53.47821044921875;178.85604858398438;77.7314682006836;92.75859832763672;62.70255279541016;15.101489067077637;3.070350646972656;24.44558906555176;0.2218314111232757;19.04232406616211;43.072731018066406;33.207698822021484;40.87825012207031;1771.1546630859375;35.45444869995117;114.5871124267578;93.62036895751952;54.599830627441406;17.673038482666016;8.93614673614502;2.8264949321746826;57.18101119995117;68.07874298095703;45.92132186889648;41.354888916015625
30.03.2023;13.046796798706056;9.803359985351562;47.78522109985352;8.269728660583496;27.19258117675781;6.513958930969238;131.59811401367188;64.79779052734375;132.7695770263672;23.64533042907715;386.8551635742188;47.90174865722656;102.77493286132812;22.14190673828125;15.026477813720703;37.174072265625;294.12530517578125;16.527034759521484;145.2444305419922;11.11678981781006;51.3110466003418;26.42500114440918;112.4206314086914;94.35100555419922;3.852237462997437;52.7745475769043;182.3977508544922;78.5394058227539;93.66484832763672;63.39349365234375;15.018967628479004;3.070350646972656;24.879743576049805;0.2224245518445968;18.653705596923828;44.00165557861328;33.30045700073242;41.75171661376953;1793.069091796875;36.58294296264648;115.85713958740234;93.2623519897461;53.727989196777344;18.135560989379883;8.9526948928833;2.8896803855896;58.30574417114258;68.97172546386719;47.12850189208984;41.26236724853516
31.03.2023;13.164847373962402;10.108654975891112;47.78522109985352;8.292057991027832;27.393667221069336;6.674577236175537;132.89083862304688;64.08357238769531;132.3624267578125;23.68816375732422;392.2923889160156;48.04868316650391;105.2400131225586;22.231914520263672;14.98183536529541;36.81576919555664;292.1513061523437;16.574012756347656;145.79466247558594;11.129009246826172;51.96388626098633;26.42500114440918;117.73184204101562;96.46814727783205;3.852237462997437;53.00910568237305;180.1609039306641;78.99036407470703;93.93141174316406;63.04801940917969;14.812664985656738;3.070350646972656;24.937335968017575;0.2307284027338028;18.653705596923828;43.46385955810547;32.55838394165039;41.66436767578125;1815.47021484375;37.16681671142578;116.84284210205078;93.97837829589844;55.65660095214844;18.18181610107422;9.061914443969728;2.90231728553772;58.93558120727539;69.0512924194336;47.467872619628906;41.26236724853516
03.04.2023;13.120776176452637;10.040811538696287;47.61695861816406;8.347881317138672;27.402809143066406;6.603190898895264;132.68399047851562;64.0300064086914;131.33485412597656;23.90234375;396.2987976074219;47.92011260986328;105.7140655517578;22.231914520263672;16.6782283782959;36.99491882324219;279.32037353515625;16.3485164642334;143.42294311523438;11.202316284179688;52.53511428833008;26.56099510192871;115.07624053955078;97.02044677734376;3.95241379737854;53.47821044921875;178.76287841796875;78.74609375;92.66975402832033;62.87529373168945;14.853924751281738;3.1290197372436523;25.012645721435547;0.2384391278028488;19.62525177001953;44.53945159912109;33.207698822021484;41.75171661376953;1812.54833984375;36.68107604980469;118.6625747680664;93.79937744140624;55.69182968139648;19.01898193359375;9.098321914672852;3.11883282661438;59.07055282592773;68.53848266601562;46.90548324584961;41.26236724853516
04.04.2023;12.931896209716797;9.565908432006836;47.28044891357422;8.351070404052734;26.97321128845215;6.621037483215332;133.09765625;64.15499877929688;131.5287322998047;23.68816375732422;400.9729309082031;47.4976692199707;107.61028289794922;21.91688537597656;16.71394157409668;36.63661575317383;286.2293395996094;16.339120864868164;140.84251403808594;11.263405799865724;53.41462707519531;26.526994705200195;115.07624053955078;95.17945098876952;3.9615206718444815;53.24365615844727;179.8813018798828;77.69388580322266;92.9007568359375;62.01161956787109;14.895184516906738;3.1290197372436523;25.402502059936523;0.2348803132772445;20.79110717773437;44.53945159912109;32.929420471191406;41.31498336791992;1844.689208984375;36.71051406860352;118.89005279541016;93.97837829589844;55.69182968139648;18.389951705932617;9.09335708618164;3.073339462280273;58.80061721801758;68.52081298828125;46.124942779541016;41.26236724853516
05.04.2023;12.680058479309082;9.565908432006836;47.61695861816406;8.349474906921387;26.31510734558105;6.531805515289307;133.80433654785156;63.26221466064453;130.57870483398438;23.25980758666992;404.1684875488281;45.34870147705078;107.13623046875;22.096900939941406;16.196096420288086;36.27831268310547;279.32037353515625;16.047855377197266;135.52984619140625;11.397802352905272;53.94052505493164;26.19551467895508;112.4206314086914;93.43050384521484;3.9342002868652335;53.71276473999024;175.68716430664062;74.16150665283203;93.87810516357422;62.18435287475586;14.853924751281738;3.1290197372436523;24.76456069946289;0.22539022564888;20.98541831970215;45.028358459472656;32.929420471191406;41.14028930664063;1859.493408203125;36.75467300415039;117.8853988647461;93.62036895751952;55.70063400268555;18.325199127197266;9.329998970031738;2.980667352676392;58.39571762084961;68.08757781982422;44.282657623291016;41.6324348449707
06.04.2023;12.780794143676758;9.633750915527344;48.62650680541992;8.459525108337402;27.640457153320312;6.531805515289307;136.20016479492188;63.92287063598633;132.24609375;23.34547996520996;391.1954345703125;45.04563903808594;106.18812561035156;22.501937866210938;16.160383224487305;35.7408561706543;281.787841796875;16.339120864868164;135.3211212158203;11.50471019744873;53.97679138183594;26.79048156738281;112.4206314086914;93.52255249023438;3.95241379737854;53.24365615844727;176.8988037109375;73.86087036132812;95.21083068847656;62.18435287475586;14.936446189880373;3.168132305145264;24.90632438659668;0.2360665947198867;21.37403678894043;44.39278030395508;33.022178649902344;41.31498336791992;1823.2618408203125;36.79883193969727;119.5914077758789;93.4413604736328;55.70063400268555;18.371450424194336;9.482244491577148;3.06154465675354;58.75563049316406;68.25556945800781;44.53960800170898;41.6324348449707
11.04.2023;13.199475288391112;9.701594352722168;48.62650680541992;8.500994682312012;27.95123291015625;6.531805515289307;136.87237548828125;63.47648239135742;132.80833435058594;23.64533042907715;397.92041015625;46.30379486083984;106.66217803955078;22.321922302246094;15.696106910705566;37.174072265625;281.787841796875;16.395496368408203;138.94512939453125;11.60703468322754;53.63224411010742;27.0114688873291;115.07624053955078;93.98280334472656;4.098124504089356;54.18186950683594;179.50848388671875;75.5519027709961;96.29478454589844;61.83888626098633;14.853924751281738;3.1290197372436523;25.31389808654785;0.2313215285539627;21.56834602355957;43.659423828125;33.393218994140625;41.83906555175781;1837.0921630859373;36.906776428222656;119.42081451416016;93.79937744140624;56.80143737792969;18.51945686340332;9.455767631530762;3.069969415664673;59.29549789428711;68.53848266601562;45.02927017211914;41.44740295410156
12.04.2023;13.22150993347168;9.97296905517578;48.28999328613281;8.537677764892578;27.667879104614254;6.442573070526123;137.01025390625;64.38711547851562;133.25428771972656;23.94518280029297;393.1509399414063;46.46910095214844;105.7140655517578;22.366926193237305;15.285401344299316;36.457462310791016;280.307373046875;16.442472457885742;140.10252380371094;11.652852058410645;53.44182968139648;26.99447059631348;115.96144104003906;94.16690063476562;4.061697006225586;53.94731903076172;179.60166931152344;76.43501281738281;96.3658676147461;61.83888626098633;15.101489067077637;3.207245111465454;25.579708099365234;0.2313215285539627;21.76265525817871;43.7572021484375;34.22804641723633;41.92641067504883;1838.260986328125;37.34345245361328;119.64827728271484;94.5154037475586;57.68207550048828;18.4963321685791;9.450801849365234;3.046380043029785;59.88035583496094;69.4137954711914;44.24387741088867;40.24468994140625
13.04.2023;13.238824844360352;9.769438743591309;48.79476547241211;8.54086685180664;28.316844940185547;6.442573070526123;136.82066345214844;65.45845031738281;133.79713439941406;23.988014221191406;404.550048828125;46.652774810791016;104.76595306396484;22.321922302246094;15.249686241149902;36.457462310791016;281.787841796875;16.58340835571289;140.5009765625;11.611617088317873;53.4236946105957;26.92647361755371;115.96144104003906;95.3635482788086;4.089017868041992;53.71276473999024;183.1433868408203;76.24711608886719;97.02335357666016;61.3206787109375;15.060230255126951;3.1290197372436523;25.96070098876953;0.2313215285539627;22.928510665893555;43.51274490356445;34.970115661621094;41.05294418334961;1894.7509765625;37.11285018920898;119.3449935913086;94.15738677978516;58.13121032714844;18.83397483825684;9.391229629516602;3.103668212890625;59.745384216308594;70.28909301757812;44.94685363769531;40.79978561401367
14.04.2023;13.509551048278809;9.498064041137695;48.28999328613281;8.737044334411621;28.408248901367188;6.442573070526123;136.5621337890625;65.61914825439453;132.71141052246094;24.33070373535156;401.2590942382813;47.36909866333008;104.29190063476562;22.501937866210938;15.535394668579102;37.0844955444336;288.69683837890625;16.639781951904297;142.70193481445312;11.516927719116213;53.34209442138672;27.410945892333984;115.96144104003906;96.65223693847656;3.988841772079468;53.94731903076172;181.4657287597656;77.63752746582031;96.2414779663086;61.3206787109375;15.101489067077637;3.1290197372436523;26.07588577270508;0.2313215285539627;23.31713104248047;43.51274490356445;35.61943435668945;41.05294418334961;1923.580322265625;37.0539665222168;119.68618774414062;94.8734130859375;58.60675811767578;18.29281997680664;9.315106391906738;3.159271478652954;59.61042022705078;71.8274917602539;44.670509338378906;40.52223587036133
17.04.2023;13.364744186401367;9.294533729553224;48.28999328613281;8.62858772277832;28.8104248046875;6.442573070526123;137.90655517578125;67.22615051269531;135.61961364746094;24.759057998657227;403.6438598632813;47.16705703735352;107.13623046875;22.77195930480957;15.535394668579102;37.53237915039063;295.6058044433594;16.884069442749023;143.61270141601562;11.617725372314451;53.94959259033203;27.7849235534668;114.1910400390625;97.66478729248048;4.170980930328369;53.94731903076172;176.8988037109375;77.93815612792969;96.57910919189452;61.49341583251953;15.184011459350586;3.1290197372436523;26.279672622680664;0.2313215285539627;22.539894104003903;43.26829528808594;35.43391418457031;40.6162109375;1887.348876953125;37.0;121.39220428466795;93.79937744140624;58.25449752807617;18.584211349487305;9.412741661071776;3.1912856101989746;59.565425872802734;71.96895599365234;44.34568405151367;40.79978561401367
18.04.2023;13.400944709777832;9.226692199707031;48.12173461914063;8.676436424255371;29.11205673217773;6.47826623916626;138.6132354736328;68.22605895996094;137.3645477294922;24.88756561279297;404.7408142089844;47.47011566162109;110.4546127319336;22.996980667114254;15.678250312805176;39.055171966552734;290.1773376464844;16.818300247192383;144.29574584960938;11.677288055419922;53.57783889770508;27.87841796875;114.1910400390625;97.9409408569336;4.189194202423096;53.94731903076172;181.4657287597656;78.68972778320312;97.25435638427734;61.49341583251953;15.225274085998535;3.1290197372436523;26.37713432312012;0.2289490103721618;21.76265525817871;43.26829528808594;35.80494689941406;40.6162109375;1920.6585693359373;37.16191101074219;121.6196746826172;95.41043090820312;58.2633056640625;18.667465209960938;9.470661163330078;3.1508467197418213;60.060306549072266;71.61529541015625;44.622032165527344;40.89230346679688
19.04.2023;13.341134071350098;9.294533729553224;47.9534797668457;8.786486625671387;28.846986770629883;6.496112823486328;139.33714294433594;68.5474624633789;138.0043487548828;25.10174560546875;402.8330078125;47.62623596191406;112.35082244873048;23.1769962310791;15.946102142333984;41.38414764404297;295.6058044433594;16.527034759521484;144.7890625;11.790303230285645;53.9133186340332;28.1759033203125;114.1910400390625;97.2045440673828;4.21651554107666;53.94731903076172;181.1861267089844;79.25340270996094;98.46270751953124;61.49341583251953;15.184011459350586;3.168132305145264;26.25308990478516;0.226576492190361;21.76265525817871;43.46385955810547;35.712188720703125;39.21866607666016;1913.0615234375;36.779205322265625;121.80923461914062;95.2314224243164;58.2721061706543;18.713716506958008;9.485554695129396;3.12051773071289;59.92534255981445;71.25279998779297;43.686336517333984;40.89230346679688
20.04.2023;12.63283920288086;9.091004371643066;47.78522109985352;8.756183624267578;28.55449485778809;6.549651622772217;139.87147521972656;68.01179504394531;138.4114990234375;25.401594161987305;409.7488098144531;47.15787506103516;116.6173095703125;23.267004013061523;15.713963508605955;40.48838806152344;290.1773376464844;16.611595153808594;144.8649444580078;11.776558876037598;54.22160720825195;27.691431045532227;115.96144104003906;96.1919937133789;4.225621700286865;52.7745475769043;179.04246520996094;79.0467300415039;98.00070190429688;62.35708236694336;15.225274085998535;3.3050270080566406;25.11897087097168;0.226576492190361;21.37403678894043;43.46385955810547;36.083229064941406;38.78193283081055;1944.228271484375;36.5682258605957;122.529541015625;93.62036895751952;58.562721252441406;18.565710067749023;9.50706672668457;3.08850359916687;60.285255432128906;71.25279998779297;42.052528381347656;41.26236724853516
21.04.2023;12.552565574645996;8.683944702148438;48.28999328613281;8.681221008300781;28.68245887756348;6.549651622772217;140.3885498046875;67.58325958251953;138.101318359375;24.71622467041016;422.197265625;47.11195373535156;118.5135269165039;22.861968994140625;15.767533302307127;40.84668731689453;294.61883544921875;16.78072166442871;144.7700958251953;11.816267013549805;54.27600860595703;27.62343406677246;115.96144104003906;94.0748519897461;4.21651554107666;52.53999710083008;177.5512237548828;79.0279312133789;97.96515655517578;62.35708236694336;15.184011459350586;3.4419214725494385;25.14554977416992;0.2313215285539627;22.345582962036133;42.046024322509766;37.01081466674805;36.598262786865234;1951.3385009765625;36.828269958496094;120.67188262939452;92.36732482910156;58.65078353881836;18.334447860717773;9.54512882232666;3.071654319763184;60.285255432128906;71.26164245605469;41.89738464355469;41.44740295410156
24.04.2023;12.83953094482422;8.480415344238281;48.28999328613281;8.7529935836792;28.8104248046875;6.621037483215332;140.71604919433594;67.40470123291016;138.06251525878906;24.24502944946289;417.0462036132813;47.001747131347656;122.30596160888672;22.321922302246094;15.606821060180664;42.10075378417969;299.060302734375;16.66796875;145.37725830078125;11.697142601013184;54.502689361572266;27.606433868408203;114.1910400390625;92.41795349121094;4.2711567878723145;53.71276473999024;178.39004516601562;79.14067077636719;98.6937255859375;62.35708236694336;14.853924751281738;3.4614779949188232;25.11897087097168;0.22539022564888;22.345582962036133;43.17051315307617;37.10357284545898;36.42356872558594;1961.56494140625;36.828269958496094;121.5438461303711;92.36732482910156;58.8269157409668;18.80622291564941;9.425980567932127;3.034585475921631;59.835357666015625;71.09366607666016;41.11684036254883;41.26236724853516
25.04.2023;12.684879302978516;8.276885032653809;49.13128280639648;8.622209548950195;28.910968780517575;6.781655788421631;140.71604919433594;66.56549072265625;137.71353149414062;24.472469329833984;412.4674377441406;46.542572021484375;124.20217895507812;21.69186782836914;15.749676704406738;39.77178192138672;301.5277709960937;16.6867618560791;147.9197235107422;11.779613494873049;54.801902770996094;27.21545791625977;114.1910400390625;92.51000213623048;4.234728813171387;53.24365615844727;173.63671875;80.21166229248047;99.25987243652344;63.39349365234375;14.771403312683104;3.481034278869629;24.729116439819336;0.2313215285539627;21.56834602355957;42.87716674804688;36.91805648803711;37.03499603271485;1949.919921875;36.73995208740234;121.0247573852539;92.18831634521484;58.562721252441406;18.648963928222656;9.46238613128662;2.9250638484954834;59.160526275634766;71.5180435180664;40.61263656616211;41.26236724853516
26.04.2023;12.59724235534668;8.276885032653809;48.9630241394043;8.706741333007812;28.746442794799805;6.817348480224609;138.5615234375;67.26185607910156;135.48388671875;24.24502944946289;413.7249755859375;46.33134841918945;120.40974426269533;22.14190673828125;16.178239822387695;39.32390213012695;300.5408020019531;16.43307876586914;144.1249542236328;11.778085708618164;54.72029876708984;27.82742500305176;114.1910400390625;91.91168212890624;4.280263900756836;52.7745475769043;178.11044311523438;78.5582046508789;101.76193237304688;64.25717163085938;14.853924751281738;3.539703369140625;24.82658195495605;0.2348803132772445;21.95696449279785;43.21940231323242;36.91805648803711;36.94765090942383;1919.583740234375;34.232723236083984;119.27523803710938;93.4413604736328;58.21046447753906;18.51945686340332;9.659313201904297;2.901474952697754;59.160526275634766;71.96895599365234;41.0150260925293;41.6324348449707
27.04.2023;12.669413566589355;8.751787185668945;48.79476547241211;8.816790580749512;28.60019874572754;6.728116035461426;139.94041442871094;65.90483093261719;135.81350708007812;23.92661476135254;419.5772705078125;46.91910171508789;119.46163940429688;22.59194564819336;16.12466812133789;39.8613510131836;303.5018005371094;16.53643035888672;149.7412109375;11.765868186950684;53.9133186340332;27.869922637939453;112.4206314086914;91.22130584716795;4.316690921783447;53.47821044921875;178.48324584960938;79.46009063720703;101.48797607421876;65.46630096435547;14.771403312683104;3.52014684677124;25.07466697692871;0.22539022564888;22.151273727416992;43.17051315307617;36.73253631591797;37.20969009399414;1932.1097412109373;35.09136199951172;120.67870330810548;93.08334350585938;58.61555862426758;18.209566116333008;9.766878128051758;2.857666492462158;59.115535736083984;72.28724670410156;37.43712615966797;41.81747055053711
28.04.2023;12.880770683288574;10.583559036254885;48.62650680541992;8.839118957519531;29.35884475708008;6.781655788421631;140.62986755371094;66.17267608642578;136.6278076171875;24.06307983398437;418.6099548339844;48.14051818847656;118.03946685791016;23.04198455810547;16.07109832763672;39.32390213012695;305.47576904296875;16.91225814819336;149.72225952148438;12.192557334899902;54.39388275146485;28.218400955200195;113.30583953857422;95.54764556884766;4.2711567878723145;53.47821044921875;182.6773681640625;80.51229095458984;102.45591735839844;64.77536010742188;14.688880920410156;3.5983726978302;25.544267654418945;0.2159000933170318;21.95696449279785;45.61505126953125;37.19633102416992;37.55907440185547;1924.67236328125;35.98434829711914;122.21673583984376;94.15738677978516;58.61555862426758;18.621212005615234;9.776806831359863;2.92169451713562;60.186134338378906;72.09273529052734;37.39348983764648;41.81747055053711
02.05.2023;12.657384872436523;10.31218433380127;49.299537658691406;8.732258796691895;29.22174072265625;6.745962619781494;139.5784454345703;65.31561279296875;134.61143493652344;24.199542999267575;416.6753234863281;47.13032150268555;122.30596160888672;23.492023468017575;15.981815338134766;39.59262466430664;293.6318359375;16.66796875;148.0146026611328;12.066566467285156;54.47548675537109;27.79342460632324;115.07624053955078;98.58528900146484;4.280263900756836;53.00910568237305;182.0249481201172;80.19287872314453;99.29640197753906;65.46630096435547;14.44131565093994;3.6179287433624263;25.47338485717773;0.2194588929414749;19.62525177001953;45.22392272949219;36.91805648803711;37.47173309326172;1911.755126953125;35.82733917236328;120.50566864013672;93.4413604736328;58.12239837646485;17.927425384521484;9.619596481323242;2.845871686935425;59.44137191772461;72.75584411621094;37.96556854248047;42.280052185058594
03.05.2023;12.427125930786133;10.31218433380127;48.28999328613281;8.66527271270752;29.102916717529297;6.692423343658447;140.3023681640625;64.60137939453125;135.3094024658203;24.199542999267575;414.6922912597656;47.23134231567383;122.30596160888672;23.492023468017575;15.8211030960083;38.248985290527344;293.6318359375;16.72434425354004;149.76019287109375;12.118642807006836;54.78376388549805;28.19818115234375;115.07624053955078;97.3886489868164;4.025269508361816;52.7745475769043;182.1181640625;80.60624694824219;100.06346130371094;65.811767578125;14.40005588531494;3.715710639953613;25.632869720458984;0.2206451445817947;19.62525177001953;44.73501586914063;36.91805648803711;37.733768463134766;1951.485595703125;36.46028137207031;119.58284759521484;96.605712890625;59.08229446411133;17.927425384521484;9.69902801513672;2.8357622623443604;59.581016540527344;72.75584411621094;37.30622482299805;42.3725700378418
04.05.2023;12.341208457946776;10.719244956970217;49.299537658691406;8.561601638793945;29.029794692993164;6.692423343658447;140.25067138671875;60.9052848815918;133.0991668701172;23.881126403808597;407.4373474121094;46.652774810791016;122.30596160888672;23.267004013061523;15.838959693908691;38.5177116394043;291.6578369140625;16.611595153808594;148.03358459472656;12.273192405700684;54.71123123168945;28.08125114440918;113.30583953857422;95.54764556884766;3.988841772079468;53.00910568237305;175.22116088867188;79.23461151123047;99.15029907226562;66.50271606445312;14.358794212341309;3.715710639953613;25.57084846496582;0.2159000933170318;20.013872146606445;44.19721984863281;37.10357284545898;38.34519958496094;1937.7852783203125;36.03341674804688;117.37190246582033;95.86116027832033;59.44336700439453;16.78961753845215;9.657657623291016;2.8290224075317383;59.72066116333008;72.43754577636719;36.433570861816406;42.18753433227539
05.05.2023;12.64879322052002;10.719244956970217;48.79476547241211;8.821575164794922;29.4045467376709;6.674577236175537;140.81947326660156;62.86939239501953;133.48692321777344;24.608932495117188;410.5811767578125;47.846641540527344;123.25406646728516;23.357011795043945;15.749676704406738;38.5177116394043;291.164306640625;16.658573150634766;150.5001678466797;12.224474906921388;54.75656509399414;28.432043075561523;113.30583953857422;95.08740234375;4.025269508361816;52.53999710083008;176.52598571777344;80.02376556396484;99.60687255859376;67.19365692138672;14.317533493041992;3.715710639953613;26.07588577270508;0.2040374726057052;20.013872146606445;45.22392272949219;37.01081466674805;38.51988983154297;1951.09423828125;35.83224868774414;117.46803283691406;95.1166000366211;61.1077766418457;16.62310791015625;9.629525184631348;2.8846256732940674;61.07054138183594;74.26771545410156;37.39834213256836;42.55760192871094
08.05.2023;12.727837562561035;10.515714645385742;48.79476547241211;8.882183074951172;29.38627052307129;6.692423343658447;140.7849884033203;62.74440383911133;133.23489379882812;24.97283744812012;414.3053588867188;48.18643951416016;123.25406646728516;23.402013778686523;15.856818199157717;38.06983184814453;291.6578369140625;16.705554962158203;150.65196228027344;12.323588371276855;54.83816909790039;28.872777938842773;113.30583953857422;94.53509521484376;4.170980930328369;51.36723327636719;175.12794494628906;80.30561828613281;100.30087280273438;68.74825286865234;14.235010147094728;3.872161865234375;26.058162689208984;0.2206451445817947;19.81955909729004;44.88168716430664;36.91805648803711;38.60723876953125;1966.457763671875;35.59183120727539;116.56443786621094;95.30274200439452;61.31912612915039;16.456600189208984;9.63614559173584;2.9823522567749023;60.97744369506836;75.24910736083984;37.53408432006836;42.55760192871094
09.05.2023;12.825783729553224;10.583559036254885;48.79476547241211;8.886967658996582;29.852426528930664;6.692423343658447;140.9056396484375;62.42300033569336;133.29306030273438;24.69990921020508;408.8883666992188;48.3333740234375;123.25406646728516;23.627033233642575;15.963956832885742;39.41347503662109;290.6708374023437;16.80890464782715;150.40997314453125;12.36894416809082;55.14762115478516;28.899763107299805;113.30583953857422;94.35100555419922;4.170980930328369;50.89812088012695;175.96678161621094;80.45592498779297;100.26435089111328;69.78466796875;14.193750381469728;3.930830955505371;26.022724151611328;0.2182726263999939;19.62525177001953;45.32170486450195;37.38185119628906;38.083152770996094;1945.614013671875;34.93926239013672;116.91049194335938;94.1859130859375;61.38077163696289;16.62310791015625;9.68910026550293;2.914954423904419;59.99993896484375;75.85032653808594;37.461368560791016;42.55760192871094
10.05.2023;12.858431816101074;10.515714645385742;48.79476547241211;9.33514404296875;29.38627052307129;6.745962619781494;139.61293029785156;62.08375549316406;134.72776794433594;24.381492614746094;403.5680541992188;48.5262336730957;123.7281265258789;22.95197486877441;15.78538990020752;37.980255126953125;294.12530517578125;16.58340835571289;150.56484985351562;12.337027549743652;54.5849838256836;28.764842987060547;113.30583953857422;94.9032974243164;4.098124504089356;52.30544662475586;177.085205078125;79.92982482910156;99.88082122802734;71.16653442382812;14.235010147094728;4.009056091308594;25.845518112182617;0.2230176925659179;19.62525177001953;45.2728157043457;37.10357284545898;37.90846633911133;1917.8223876953125;35.52804946899414;116.98739624023438;96.41957092285156;62.08529281616211;17.150386810302734;9.622907638549805;2.9334888458251958;59.44137191772461;75.85032653808594;37.95102310180664;42.65011596679688
11.05.2023;12.822347640991213;10.515714645385742;48.79476547241211;9.212334632873535;29.45939064025879;6.799502372741699;140.23342895507812;62.65512847900391;135.21246337890625;24.10856819152832;409.8556518554688;48.71908950805664;123.25406646728516;23.13199234008789;15.731820106506348;39.41347503662109;299.5538024902344;16.24516487121582;152.07473754882812;12.4210205078125;55.34454345703125;28.378074645996094;115.07624053955078;97.66478729248048;4.234728813171387;52.7745475769043;177.83084106445312;80.62503051757812;99.24161529541016;71.16653442382812;14.193750381469728;4.165507793426514;25.29617691040039;0.2147138267755508;19.81955909729004;45.71282958984375;36.268741607666016;37.99581146240234;1946.2012939453125;35.552574157714844;116.62210845947266;95.1166000366211;62.07647705078125;17.141138076782227;9.569952011108398;2.866091251373291;59.72066116333008;76.4338607788086;37.08806228637695;42.65011596679688
12.05.2023;12.836092948913574;10.38002872467041;48.45824813842773;9.344714164733888;28.57277488708496;6.977967262268066;141.0780029296875;62.28016662597656;135.716552734375;23.790151596069336;407.3406372070313;49.14153671264648;118.98757934570312;22.54693984985352;15.606821060180664;39.59262466430664;302.02130126953125;16.32972526550293;153.0813751220703;12.488216400146484;55.410186767578125;28.432043075561523;114.1910400390625;97.29659271240234;4.262049674987793;53.24365615844727;177.3648223876953;81.07597351074219;99.7529754638672;71.16653442382812;14.276269912719728;4.204619884490967;25.739192962646484;0.2147138267755508;20.013872146606445;45.95728302001953;36.268741607666016;38.60723876953125;1933.08837890625;35.77827453613281;118.0447998046875;101.25916290283205;61.19584274291992;17.400150299072266;9.566641807556152;2.857666492462158;59.72066116333008;76.96239471435547;37.7910385131836;42.65011596679688
15.05.2023;12.79485321044922;10.38002872467041;48.62650680541992;9.31281566619873;28.77386283874512;7.20997142791748;140.9112548828125;61.94090270996094;135.36756896972656;23.881126403808597;407.4373474121094;49.6741828918457;119.46163940429688;23.3120059967041;15.678250312805176;38.33855819702149;307.44976806640625;16.508243560791016;153.37173461914062;12.415980339050291;55.419559478759766;28.575958251953125;114.1910400390625;95.73174285888672;4.243835926055908;53.24365615844727;178.39004516601562;81.01960754394531;99.73472595214844;71.51200866699219;14.193750381469728;4.204619884490967;25.89867782592773;0.2206451445817947;20.208179473876957;46.10395431518555;37.19633102416992;41.83906555175781;1936.8067626953125;36.07266998291016;118.29473114013672;99.58392333984376;60.76432800292969;17.349271774291992;9.56167697906494;2.908214569091797;59.72066116333008;76.96239471435547;37.597110748291016;42.55760192871094
16.05.2023;12.621299743652344;10.31218433380127;48.79476547241211;9.35268783569336;28.874408721923828;7.459820747375488;140.0160675048828;62.065895080566406;138.0431365966797;23.92661476135254;405.84124755859375;48.61806869506836;119.46163940429688;23.67203712463379;15.767533302307127;38.06983184814453;307.9432983398437;16.53643035888672;153.29429626464844;12.439499855041504;55.50395584106445;27.514589309692383;115.07624053955078;94.0748519897461;4.12544584274292;53.00910568237305;177.9240264892578;80.41835021972656;100.17302703857422;70.30286407470703;14.358794212341309;4.263289451599121;25.31389808654785;0.2206451445817947;20.208179473876957;44.93057632446289;37.10357284545898;41.83906555175781;1933.6754150390625;35.812618255615234;121.35159301757812;96.23343658447266;61.11658477783203;18.46395301818848;9.535201072692873;2.8644063472747803;58.8828010559082;77.24983978271484;38.30009078979492;42.55760192871094
17.05.2023;12.748457908630373;10.244341850280762;48.45824813842773;9.32557487487793;29.1851806640625;7.352742671966553;140.06874084472656;62.81583404541016;139.45846557617188;24.01759147644043;401.9236145019531;48.84765625;118.03946685791016;24.03207015991211;15.91038703918457;38.78644180297852;298.5668029785156;16.53643035888672;154.39768981933594;12.37230396270752;54.97882843017578;27.47861099243164;115.07624053955078;92.60205078125;4.180087566375732;53.24365615844727;176.52598571777344;80.4935073852539;101.01315307617188;69.2664566040039;14.40005588531494;4.145950794219971;25.44361686706543;0.2111550569534301;19.43094253540039;44.73501586914063;38.05494689941406;42.01375579833984;1936.6112060546875;35.77336883544922;123.2356948852539;95.86116027832033;62.965938568115234;18.200315475463867;9.455767631530762;2.899789810180664;57.25363540649414;77.426025390625;38.51825714111328;42.742637634277344
18.05.2023;13.01136589050293;10.244341850280762;48.62650680541992;9.418081283569336;29.82500648498535;7.4062819480896;141.56069946289062;63.833587646484375;138.8186492919922;24.06307983398437;403.3745727539063;49.99560928344727;118.03946685791016;24.302091598510746;15.803248405456545;38.96559524536133;301.0343017578125;16.87467384338379;156.9141845703125;12.177438735961914;54.81003952026367;27.604536056518555;115.07624053955078;93.7987060546875;4.152766704559326;53.71276473999024;176.8988037109375;81.58328247070312;100.61134338378906;69.09371948242188;14.647619247436523;4.165507793426514;25.86057472229004;0.2147138267755508;19.81955909729004;45.32170486450195;38.05494689941406;40.965599060058594;1941.308349609375;36.774295806884766;123.81246185302734;96.41957092285156;64.27808380126953;18.07543563842773;9.374680519104004;2.928434133529663;58.74315643310547;81.03305053710938;39.89995956420898;43.02018356323242
19.05.2023;13.253653526306152;10.447871208190918;48.62650680541992;9.46592903137207;29.7061824798584;7.352742671966553;142.98243713378906;63.92287063598633;138.76048278808594;24.06307983398437;407.82427978515625;50.87723922729492;117.56541442871094;24.302091598510746;15.678250312805176;38.5177116394043;303.00830078125;16.649179458618164;159.3145751953125;12.175758361816406;55.09135437011719;27.865379333496094;115.07624053955078;93.6146011352539;4.225621700286865;53.94731903076172;179.04246520996094;82.59790802001953;101.26881408691406;69.09371948242188;14.771403312683104;4.204619884490967;25.93470001220703;0.22539022564888;19.62525177001953;45.51726913452149;38.05494689941406;42.36314010620117;1959.607666015625;37.2256965637207;124.23542785644533;96.7918472290039;65.78398895263672;18.20494079589844;9.366406440734863;2.963817834854126;59.44137191772461;81.72850036621094;40.27327346801758;42.92766952514648
22.05.2023;13.155707359313965;10.447871208190918;49.242034912109375;9.508991241455078;29.95297241210937;7.370589256286621;142.57872009277344;64.40497589111328;138.97377014160156;23.881126403808597;405.0673828125;50.79458618164063;118.03946685791016;24.3921012878418;15.571109771728516;38.87601852416992;302.02130126953125;16.53643035888672;160.12759399414062;12.122002601623535;54.76315689086914;27.46961784362793;115.96144104003906;94.53509521484376;4.244155406951904;53.94731903076172;178.76287841796875;82.52275085449219;100.72093963623048;65.6390380859375;15.018967628479004;4.087281703948975;25.88837242126465;0.22539022564888;19.236631393432617;44.78390884399414;38.53063201904297;42.36314010620117;1979.1793212890625;38.85956573486328;123.2356948852539;97.90867614746094;69.12162017822266;18.55649948120117;9.515341758728027;3.022791147232056;59.86030578613281;82.8968505859375;40.56900787353516;42.92766952514648
23.05.2023;13.10243797302246;10.447871208190918;49.59376525878906;9.539295196533203;29.72633934020996;7.477668285369873;140.41978454589844;64.0300064086914;135.60023498535156;23.653688430786133;399.1183471679688;50.37213897705078;118.03946685791016;24.1220760345459;15.606821060180664;39.055171966552734;297.579833984375;16.3485164642334;158.03695678710938;12.103523254394531;54.6412467956543;27.577550888061523;115.07624053955078;93.33845520019533;4.225621700286865;53.94731903076172;176.0599822998047;81.4141845703125;100.15476989746094;64.42989349365234;15.101489067077637;3.989500045776367;25.83277702331543;0.2170863598585128;19.04232406616211;44.2461051940918;39.48200607299805;42.36314010620117;1849.7130126953125;38.663307189941406;121.3900375366211;96.9779815673828;70.7667236328125;18.20494079589844;9.599739074707031;3.123887538909912;59.162086486816406;83.45320129394531;40.278114318847656;44.037864685058594
24.05.2023;12.566312789916992;10.244341850280762;48.89030456542969;9.430840492248535;29.244749069213867;7.566900253295898;138.52410888671875;62.6729736328125;132.40118408203125;23.24429702758789;390.7993774414063;48.95786285400391;118.5135269165039;23.402013778686523;15.89253044128418;38.5177116394043;290.6708374023437;15.953897476196287;152.597412109375;11.969133377075195;53.93795394897461;27.38866424560547;115.07624053955078;89.65646362304688;3.901287317276001;53.00910568237305;170.8406219482422;80.34319305419922;99.0407257080078;61.6661491394043;15.184011459350586;3.9112744331359854;25.221240997314453;0.2170863598585128;19.236631393432617;43.95276641845703;38.72090911865234;44.02273178100586;1845.9945068359373;38.24624633789063;119.00607299804688;96.605712890625;69.84767150878906;18.157434463500977;9.579880714416504;3.203080177307129;57.951847076416016;83.45320129394531;38.11101913452149;43.945350646972656
25.05.2023;12.440872192382812;10.447871208190918;49.242034912109375;9.427650451660156;29.367507934570312;7.441975116729736;138.43634033203125;61.97661209106445;132.94406127929688;23.0168571472168;393.3627624511719;49.077247619628906;117.56541442871094;23.086986541748047;15.838959693908691;39.055171966552734;290.6708374023437;16.10422706604004;156.04310607910156;11.712113380432127;53.600372314453125;27.091842651367188;115.96144104003906;88.4598159790039;3.8920199871063232;53.94731903076172;166.83290100097656;81.30144500732422;98.4380340576172;63.39349365234375;15.101489067077637;3.9699435234069824;25.17491340637207;0.2170863598585128;19.33378791809082;43.12161636352539;39.10145568847656;46.46844100952149;1873.786376953125;39.09016799926758;119.71742248535156;96.7918472290039;72.21881866455078;17.995906829833984;9.467351913452148;3.0800790786743164;57.34672546386719;81.60795593261719;37.98495864868164;43.85283279418945
26.05.2023;12.684879302978516;10.854930877685549;48.89030456542969;9.497827529907228;29.54692649841309;7.745365142822266;139.84054565429688;62.65512847900391;134.80531311035156;23.107833862304688;397.5706176757813;49.242557525634766;118.98757934570312;23.357011795043945;16.28537940979004;39.14474487304688;293.1383361816406;16.029062271118164;158.73382568359375;11.671794891357422;53.600372314453125;27.19977760314941;115.07624053955078;88.09160614013672;3.984687566757202;54.41642379760742;163.57083129882812;82.99248504638672;98.94940948486328;65.12083435058594;15.184011459350586;4.165507793426514;25.51774406433105;0.2111550569534301;19.33378791809082;43.61052703857422;39.577144622802734;46.81782531738281;1917.2352294921875;39.95371627807617;120.8132781982422;101.0730209350586;73.08271789550781;18.147932052612305;9.424325942993164;3.1474769115448;58.55696868896485;82.52593994140625;39.444244384765625;43.85283279418945
29.05.2023;12.684879302978516;11.397677421569824;49.0661735534668;9.515372276306152;29.461936950683597;7.656132221221924;140.1213836669922;62.74440383911133;134.92164611816406;23.24429702758789;394.8137512207031;49.251739501953125;119.46163940429688;23.80705070495605;16.32109260559082;39.14474487304688;295.1123046875;16.085437774658203;158.83062744140625;11.690274238586426;53.73165512084961;27.42464256286621;115.07624053955078;87.72341918945312;3.8549532890319824;55.82374954223633;164.81288146972656;83.16159057617188;99.09551239013672;68.74825286865234;15.101489067077637;4.165507793426514;25.452882766723636;0.2194588929414749;18.94516944885254;43.659423828125;39.577144622802734;47.167213439941406;1906.470947265625;39.77123641967773;120.42876434326172;98.46709442138672;73.06433868408203;18.604005813598636;9.416050910949709;3.2115049362182617;58.92934799194336;82.52593994140625;38.97397994995117;43.85283279418945
30.05.2023;12.629891395568848;10.922775268554688;49.41790008544922;9.384209632873535;29.67912483215332;7.67397928237915;140.05117797851562;62.97652816772461;134.85311889648438;22.971370697021484;390.9928283691406;48.90276336669922;119.46163940429688;23.13199234008789;15.928245544433594;39.14474487304688;287.2163391113281;15.864033699035645;159.3145751953125;11.809545516967772;52.25004959106445;27.13681411743164;115.07624053955078;85.19205474853516;3.845686912536621;55.82374954223633;163.0930938720703;83.63131713867188;98.18235778808594;63.91169357299805;15.142751693725586;4.0286126136779785;25.415821075439453;0.2194588929414749;19.13947868347168;43.02383804321289;39.38687133789063;46.99251937866211;1911.5595703125;40.19538116455078;119.6212921142578;99.58392333984376;73.15624237060547;18.266700744628903;9.28200912475586;3.139052152633667;59.162086486816406;83.86119842529297;39.42485427856445;43.85283279418945
31.05.2023;12.19171142578125;11.194148063659668;49.41790008544922;9.34923267364502;29.244749069213867;7.620439529418945;137.47096252441406;61.88733673095703;132.5820770263672;22.74393081665039;385.9627380371094;47.571136474609375;113.77297973632812;22.81696510314941;15.321112632751465;38.78644180297852;281.2943115234375;15.575247764587402;156.15924072265625;11.794426918029783;51.89371109008789;26.947925567626957;115.07624053955078;83.017333984375;3.845686912536621;56.292850494384766;167.77474975585938;83.105224609375;97.08657836914062;64.08441925048828;15.018967628479004;4.145950794219971;24.60970497131348;0.2075962573289871;19.04232406616211;43.659423828125;40.9090690612793;48.04067993164063;1861.064697265625;40.55048370361328;117.79486846923828;96.7918472290039;76.281005859375;17.620595932006836;9.243947982788086;3.0986135005950928;59.487918853759766;84.45463562011719;39.36183166503906;44.40793228149414
01.06.2023;12.354955673217772;10.719244956970217;49.242034912109375;9.34573459625244;29.461936950683597;7.049352645874023;138.71717834472656;62.458717346191406;134.59861755371094;22.698442459106445;387.07513427734375;48.2966423034668;112.82487487792967;23.22199821472168;15.678250312805176;38.87601852416992;287.7098388671875;15.87366008758545;157.9595184326172;11.833064079284668;51.90309143066406;27.163799285888672;115.44271850585938;82.4972915649414;3.8734865188598633;55.354637145996094;169.30343627929688;84.55199432373047;97.7257843017578;63.39349365234375;15.184011459350586;4.165507793426514;24.748689651489254;0.2135275900363922;19.236631393432617;44.93057632446289;41.670166015625;47.5166015625;1867.718994140625;40.83160781860352;121.0632095336914;96.7918472290039;77.47577667236328;17.767871856689453;9.24891185760498;3.1424219608306885;59.53446960449219;83.51811218261719;40.50113296508789;44.77799987792969
02.06.2023;12.695189476013184;10.990618705749512;49.41790008544922;9.578329086303713;29.924640655517575;7.388435363769531;139.87567138671875;63.20864868164063;136.10609436035156;23.60820198059082;394.4751586914063;50.20682907104492;115.66920471191406;24.07707405090332;16.51751708984375;39.14474487304688;300.5408020019531;16.306840896606445;160.3018035888672;11.846503257751465;52.56887435913086;27.37067604064941;116.3589324951172;83.53736877441406;3.929086923599243;55.58919143676758;171.02322387695312;85.14703369140625;98.23715209960938;63.91169357299805;15.184011459350586;4.126394271850586;25.415821075439453;0.2135275900363922;18.94516944885254;45.41948318481445;42.62154006958008;50.31169128417969;1915.278076171875;41.10779571533203;123.40872955322266;99.39778137207033;79.03815460205078;18.02441024780273;9.12645435333252;3.273847818374634;60.32577896118164;85.40044403076172;40.73384094238281;46.165748596191406
05.06.2023;12.717527389526367;11.194148063659668;49.41790008544922;9.471650123596191;29.66023826599121;7.049352645874023;138.8751678466797;62.42300033569336;134.34410095214844;23.562713623046875;391.8150329589844;49.97724151611328;113.2989273071289;23.627033233642575;16.392520904541016;39.23432159423828;293.6318359375;16.249082565307617;158.73382568359375;11.824664115905762;52.465728759765625;27.2177677154541;117.275146484375;83.67919921875;3.845686912536621;55.82374954223633;169.6856231689453;84.97428131103516;97.6527328491211;64.08441925048828;15.184011459350586;4.224176406860352;25.276836395263672;0.2170863598585128;18.84801483154297;46.15284729003906;42.716678619384766;50.31169128417969;1877.70068359375;40.8611946105957;121.81300354003906;100.51461029052734;78.57862854003906;18.12417984008789;9.274125099182127;3.2822723388671875;60.3723258972168;86.14224243164062;40.33629989624024;46.165748596191406
06.06.2023;12.66425895690918;11.329834938049316;49.0661735534668;9.48913860321045;29.990741729736328;7.20997142791748;138.47145080566406;64.5835189819336;134.05043029785156;23.699174880981445;390.2189331054688;50.58336639404297;113.77297973632812;23.58203125;16.07109832763672;39.77178192138672;291.164306640625;16.268335342407227;158.88868713378906;11.856582641601562;52.67202377319336;27.082847595214844;118.1913604736328;82.35546112060547;3.845686912536621;56.05830001831055;170.16334533691406;85.37736511230469;97.6709976196289;64.77536010742188;15.101489067077637;4.3610711097717285;25.258304595947266;0.2135275900363922;19.43094253540039;46.64175415039063;43.85832214355469;50.137001037597656;1873.786376953125;40.94010543823242;122.505126953125;100.70074462890624;77.66876983642578;18.11467742919922;9.174530982971191;3.253628253936768;60.74470901489258;86.60588073730469;40.47689056396485;46.25826644897461
07.06.2023;12.848122596740724;11.533363342285156;49.59376525878906;9.487390518188477;30.066286087036133;7.138585090637207;137.69915771484375;64.94063568115234;132.50375366210938;23.881126403808597;387.3653564453125;51.47417068481445;113.2989273071289;23.80705070495605;16.07109832763672;41.20499420166016;292.1513061523437;16.287588119506836;158.5596160888672;11.871700286865234;51.86558151245117;27.23575592041016;115.44271850585938;81.69359588623047;3.8734865188598633;55.58919143676758;166.43711853027344;85.7420654296875;98.32845306396484;64.6026382446289;15.018967628479004;4.3610711097717285;25.184179306030277;0.2135275900363922;20.013872146606445;47.66846084594727;42.05071640014648;50.137001037597656;1850.8875732421875;40.65898895263672;121.5438461303711;100.70074462890624;77.20005798339844;18.17643547058105;9.174530982971191;3.3378756046295166;60.97744369506836;86.60588073730469;41.77618408203125;46.813358306884766
08.06.2023;13.042296409606934;11.397677421569824;49.59376525878906;9.55909252166748;30.453445434570312;7.138585090637207;137.52362060546875;64.97634887695312;132.5820770263672;24.06307983398437;389.2032775878906;51.74967575073242;114.72109985351562;23.80705070495605;16.33894920349121;40.13007736206055;287.2163391113281;16.354970932006836;158.71446228027344;11.912017822265623;51.27481460571289;27.262739181518555;115.44271850585938;81.64631652832031;3.8549532890319824;54.650978088378906;165.76832580566406;85.83804321289062;97.90840911865234;65.12083435058594;15.225274085998535;4.693529605865479;25.56407165527344;0.2170863598585128;20.013872146606445;47.47289276123047;40.05282974243164;50.137001037597656;1862.4346923828125;40.64912033081055;121.63997650146484;100.51461029052734;77.18167877197266;18.20019149780273;9.097262382507324;3.420438051223755;61.210182189941406;85.67861938476562;42.22220993041992;46.99839401245117
09.06.2023;12.927165985107422;11.194148063659668;49.59376525878906;9.471650123596191;30.87837791442871;7.138585090637207;137.43585205078125;64.06571960449219;133.7567596435547;24.29051780700684;389.0581665039063;51.2629508972168;117.56541442871094;23.94206047058105;16.053241729736328;41.20499420166016;285.2423095703125;16.48973846435547;158.67576599121094;11.950654983520508;50.28082656860352;27.28072929382324;115.44271850585938;81.31538391113281;3.845686912536621;55.354637145996094;166.05494689941406;85.87642669677734;97.4335708618164;64.9480972290039;15.26653289794922;4.752198696136475;25.49921226501465;0.2135275900363922;20.402490615844727;47.375118255615234;40.24310302734375;50.137001037597656;1875.35205078125;39.62820816040039;123.44717407226562;99.58392333984376;76.83243560791016;17.929397583007812;9.03887939453125;3.37662935256958;61.02399444580078;84.84408569335938;42.760353088378906;46.99839401245117
12.06.2023;13.129932403564451;11.465519905090332;49.59376525878906;9.434925079345703;31.105005264282227;7.049352645874023;138.62942504882812;65.52986907958984;135.57749938964844;24.563446044921875;391.186279296875;52.34878540039063;115.66920471191406;24.257089614868164;16.21395492553711;40.57796478271485;287.7098388671875;16.845909118652344;158.9080352783203;11.849862098693848;50.4589958190918;27.06485939025879;118.1913604736328;81.59904479980469;3.8549532890319824;55.58919143676758;168.7301788330078;87.3160171508789;97.8536148071289;65.12083435058594;15.26653289794922;4.752198696136475;25.48068046569824;0.2135275900363922;19.62525177001953;47.66846084594727;39.86255645751953;50.48638534545898;1931.71826171875;40.200313568115234;124.42768096923828;100.32847595214844;76.74053192138672;17.9626522064209;8.92039966583252;3.294067144393921;61.11709213256836;84.38045501708984;44.03540802001953;46.99839401245117
13.06.2023;13.358473777770996;11.329834938049316;49.59376525878906;9.490887641906738;31.567710876464844;7.013659954071045;139.41928100585938;66.11909484863281;136.34104919433594;25.01832389831543;393.0725708007813;53.9775390625;116.6173095703125;24.302091598510746;16.71394157409668;40.57796478271485;284.74884033203125;16.70151710510254;160.90191650390625;11.893539428710938;50.48712539672852;26.830997467041016;118.1913604736328;82.1663589477539;3.8734865188598633;53.94731903076172;172.6474609375;89.13949584960938;97.4700927734375;65.29357147216797;15.349055290222168;4.889092922210693;25.85130882263184;0.2135275900363922;18.94516944885254;48.25514602661133;39.67228317260742;49.612918853759766;1939.351318359375;40.60473251342773;125.0044403076172;100.51461029052734;77.20005798339844;18.04816627502441;8.832826614379883;3.391793966293335;61.34982681274414;83.93537139892578;44.24387741088867;47.55349349975586
14.06.2023;13.537181854248049;11.465519905090332;49.59376525878906;9.583575248718262;31.643253326416016;7.174278259277344;140.05117797851562;66.54764556884766;135.51878356933594;25.427715301513672;398.7314147949219;54.044219970703125;116.6173095703125;23.086986541748047;16.642515182495117;41.65287399291992;288.20330810546875;16.66301155090332;160.9212646484375;12.007770538330078;50.58089828491211;27.091842651367188;119.10757446289062;83.58464813232422;3.8920199871063232;55.354637145996094;175.22714233398438;88.83238220214844;99.3146743774414;65.12083435058594;15.307793617248535;4.889092922210693;25.916168212890625;0.2147138267755508;19.13947868347168;47.08177185058594;40.24310302734375;50.137001037597656;1930.7396240234373;40.31868362426758;124.50458526611328;101.0730209350586;77.01625061035156;18.190689086914062;8.849997520446777;3.484466075897217;61.81529998779297;83.92610168457031;44.75776672363281;47.92355728149414
15.06.2023;13.514842987060549;11.533363342285156;49.59376525878906;9.48214340209961;31.44495391845703;7.156432151794434;140.68307495117188;66.01197814941406;135.4991912841797;25.382225036621094;396.4098205566406;53.50129699707031;117.56541442871094;23.58203125;16.571086883544922;43.35482406616211;285.2423095703125;16.72076988220215;159.2952117919922;11.947295188903809;51.25606155395508;27.25374412536621;116.3589324951172;82.26091003417969;3.8920199871063232;54.41642379760742;172.74301147460938;87.85346984863281;98.87635040283205;65.12083435058594;15.349055290222168;4.791311264038086;25.60113525390625;0.2170863598585128;19.13947868347168;47.13066101074219;41.099342346191406;51.01046752929688;1908.427978515625;40.264427185058594;124.86985778808594;100.88688659667967;76.9243392944336;18.238195419311523;8.892926216125488;3.327766180038452;61.3963737487793;86.2071533203125;44.10327911376953;47.92355728149414
16.06.2023;13.628254890441896;11.533363342285156;49.94549179077149;9.47339916229248;31.23720932006836;7.085046291351318;147.3881072998047;66.10124969482422;137.49615478515625;25.382225036621094;401.3915710449219;53.52034759521485;115.66920471191406;24.03207015991211;16.51751708984375;42.99651718139648;286.72283935546875;16.999929428100586;157.74656677246094;12.058167457580566;51.856204986572266;27.38866424560547;116.3589324951172;84.01013946533203;3.8549532890319824;54.41642379760742;177.71127319335938;87.85346984863281;100.88529205322266;64.77536010742188;15.184011459350586;4.517521858215332;25.452882766723636;0.2111550569534301;18.94516944885254;47.375118255615234;41.28961944580078;49.78761291503906;1943.4613037109373;40.79214859008789;126.10028839111328;101.25916290283205;77.2092514038086;18.860546112060547;8.918683052062988;3.369889497756958;62.1411361694336;86.23497009277344;44.21963119506836;48.29362869262695
19.06.2023;13.530308723449709;11.533363342285156;56.10074996948242;9.501380920410156;31.057790756225582;7.13171911239624;141.7362060546875;65.97626495361328;139.88465881347656;25.29125213623047;398.9732360839844;52.77740859985352;114.72109985351562;24.43710327148437;16.660371780395508;43.62355041503906;281.787841796875;16.81702995300293;157.882080078125;11.901938438415527;51.4904899597168;26.983905792236328;117.275146484375;85.80663299560547;3.864220380783081;55.354637145996094;174.08062744140625;87.29682159423828;96.84915161132812;64.77536010742188;15.101489067077637;4.61530351638794;25.21197509765625;0.2170863598585128;19.13947868347168;46.348411560058594;39.95769500732422;51.01046752929688;1918.6053466796875;40.4567756652832;126.38867950439452;101.0730209350586;77.2092514038086;18.741779327392575;8.862018585205078;3.385054111480713;61.210182189941406;87.1622314453125;43.63301086425781;48.663692474365234
20.06.2023;13.219286918640137;11.93106746673584;57.68352890014648;9.45591163635254;31.08611869812012;7.13171911239624;141.75376892089844;65.11919403076172;140.02169799804688;25.29125213623047;399.4085388183594;51.79634475708008;115.19515228271484;24.43710327148437;16.71394157409668;43.35482406616211;278.3333435058594;16.66301155090332;155.9075927734375;12.019530296325684;51.69679260253906;26.938934326171875;117.275146484375;85.19204711914062;3.8549532890319824;54.650978088378906;173.22073364257812;85.26219940185547;97.8170928955078;63.91169357299805;15.431578636169434;4.556634902954102;24.795019149780277;0.2159000933170318;19.04232406616211;47.42400360107422;37.959808349609375;49.612918853759766;1908.427978515625;40.30881881713867;126.90777587890624;100.32847595214844;77.75148010253906;18.100421905517575;8.849997520446777;3.294067144393921;60.13958358764648;88.53457641601562;43.21121597290039;49.03376007080078
21.06.2023;13.210695266723633;11.612906455993652;57.33179473876953;9.464655876159668;31.14278030395508;7.150388717651367;141.1920928955078;65.15489959716797;138.70999145507812;25.51869010925293;394.7170104980469;51.662994384765625;116.14325714111328;23.402013778686523;16.588945388793945;43.35482406616211;276.359375;16.672637939453125;155.21070861816406;11.969133377075195;52.74704360961914;26.85798072814941;114.5265121459961;84.95565795898438;3.8920199871063232;54.650978088378906;172.26528930664062;85.22381591796875;96.88567352294922;64.77536010742188;15.349055290222168;4.634860038757324;24.702362060546875;0.2170863598585128;18.94516944885254;47.71735000610352;36.4376106262207;50.137001037597656;1880.63623046875;39.77616882324219;124.75450897216795;99.39778137207033;77.79743957519531;18.38547134399414;8.853433609008789;3.322711229324341;59.6275634765625;86.23497009277344;42.22220993041992;49.40382766723633
22.06.2023;13.074945449829102;11.612906455993652;57.15593338012695;9.289772033691406;31.208879470825195;7.150388717651367;140.41978454589844;63.9764404296875;137.10458374023438;25.70064163208008;393.024169921875;51.28199768066406;120.51685333251952;23.58203125;16.53537368774414;43.17566680908203;273.3983764648437;16.634132385253906;154.02989196777344;11.933856964111328;52.42821502685547;26.741050720214844;114.5265121459961;83.91558837890625;3.8734865188598633;55.354637145996094;172.07421875;84.14891052246094;96.24647521972656;64.77536010742188;14.936446189880373;4.693529605865479;24.507781982421875;0.2182726263999939;18.45939445495605;47.13066101074219;34.72513961791992;50.137001037597656;1864.7833251953125;39.54436874389648;122.69737243652344;99.21163940429688;77.01625061035156;18.06716728210449;8.78303050994873;3.201395034790039;59.02244567871094;85.45608520507812;42.38219833374024;49.5888557434082
23.06.2023;13.001055717468262;11.533364295959473;56.45247268676758;9.155113220214844;31.00113677978516;7.187726974487305;139.17355346679688;63.42291259765625;136.5368194580078;25.427715301513672;393.1209411621094;51.48202133178711;119.5449447631836;23.67203712463379;16.499658584594727;43.35482406616211;271.9178466796875;16.518617630004883;153.02328491210938;11.853221893310549;52.59700775146485;26.624122619628903;117.275146484375;83.58464813232422;3.8549532890319824;52.7745475769043;169.0167999267578;83.51549530029297;94.96805572509766;64.42989349365234;14.235010147094728;4.321958065032959;24.33173370361328;0.2135275900363922;18.75085830688477;47.13066101074219;35.200828552246094;45.4202766418457;1860.6732177734373;39.139949798583984;121.8322296142578;98.83936309814452;77.65958404541016;18.09092330932617;8.901512145996094;3.194655418395996;58.37077713012695;85.4931640625;41.3398551940918;49.03376007080078
26.06.2023;13.040578842163086;11.77198600769043;55.749019622802734;9.135875701904297;30.708404541015625;7.187726974487305;140.17405700683594;63.86931228637695;136.2235870361328;25.382225036621094;390.7510070800781;51.42487335205078;119.5449447631836;24.842138290405277;16.606801986694336;43.35482406616211;265.7888488769531;16.249082565307617;154.14602661132812;12.058167457580566;52.25004959106445;26.53417587280273;117.275146484375;85.05020904541016;3.882753849029541;54.41642379760742;167.29702758789062;83.64986419677734;95.02284240722656;63.56622695922852;14.276269912719728;4.439296722412109;24.507781982421875;0.2159000933170318;18.75085830688477;48.74405288696289;35.9619255065918;44.72150421142578;1874.3734130859373;38.81937026977539;122.71661376953124;98.46709442138672;77.42981719970703;18.209692001342773;8.911815643310547;3.2401490211486816;58.13803863525391;86.23497009277344;42.26714706420898;49.40382766723633
27.06.2023;13.150552749633787;11.05612087249756;56.45247268676758;9.265289306640623;31.152223587036133;7.075710773468018;141.0165557861328;65.9405517578125;136.6738739013672;25.837106704711918;393.9431457519531;51.84396362304688;119.5449447631836;23.868846893310547;16.463947296142578;43.17566680908203;265.7888488769531;16.220205307006836;156.06246948242188;12.071606636047363;51.80931854248047;26.89395904541016;115.44271850585938;86.42123413085938;3.864220380783081;54.18186950683594;166.43711853027344;84.20649719238281;95.51594543457033;63.39349365234375;13.863662719726562;4.693529605865479;24.739425659179688;0.2159000933170318;18.94516944885254;47.61956787109375;37.57925796508789;43.84803771972656;1874.3734130859373;38.44453811645508;123.92781066894533;96.04728698730467;76.74053192138672;18.138431549072266;8.985651016235352;3.203080177307129;58.18458557128906;85.50244140625;41.82535552978516;49.95892333984375
28.06.2023;13.296612739562988;11.135662078857422;56.80420303344727;9.31600570678711;31.935985565185547;7.0943803787231445;142.61383056640625;66.3333740234375;138.43588256835938;26.01905632019043;400.9562683105469;52.55833435058594;120.51685333251952;24.378665924072266;16.696086883544922;42.99651718139648;265.29296875;16.71114158630371;157.64979553222656;12.100164413452148;51.94059753417969;27.2717342376709;115.44271850585938;88.12317657470703;3.882753849029541;54.41642379760742;170.73658752441406;85.39656829833984;96.13689422607422;63.39349365234375;14.06996726989746;4.713085651397705;25.008129119873047;0.2159000933170318;18.94516944885254;48.54849243164063;37.57925796508789;44.19742584228516;1893.9449462890625;39.19419860839844;125.4081802368164;96.7918472290039;75.3619613647461;18.352214813232425;9.028578758239746;3.272162914276123;58.69660949707031;88.01531219482422;43.048789978027344;50.3289909362793
29.06.2023;13.75369358062744;11.374282836914062;56.62834167480469;9.440171241760254;31.935985565185547;7.075710773468018;143.22817993164062;65.4048843383789;139.25816345214844;26.33747291564941;405.9863586425781;52.43450927734375;119.05899047851562;24.42501449584961;16.660371780395508;42.99651718139648;267.2764587402344;16.76889991760254;157.74656677246094;12.600768089294434;51.98748779296875;27.550567626953125;115.44271850585938;89.1159896850586;3.882753849029541;54.650978088378906;171.97865295410156;85.2046127319336;96.4473648071289;63.39349365234375;14.02870750427246;4.869536399841309;24.85988044738769;0.2159000933170318;19.04232406616211;48.54849243164063;37.38898468017578;43.84803771972656;1919.9752197265625;39.189266204833984;125.6004409790039;98.09481811523438;75.37115478515625;19.069580078125;9.232913970947266;3.2906973361968994;59.53446960449219;88.08948516845703;43.31095886230469;50.51401901245117
30.06.2023;13.81555461883545;11.374282836914062;56.62834167480469;9.506627082824709;32.12484359741211;7.0943803787231445;144.1057891845703;65.61914825439453;140.43284606933594;26.473936080932617;413.1445617675781;53.08220291137695;119.05899047851562;25.07387351989746;16.838939666748047;41.47372055053711;268.2682189941406;17.13469696044922;161.11485290527344;12.790594100952148;52.64389419555664;27.66749763488769;115.44271850585938;89.49419403076172;3.8920199871063232;54.41642379760742;174.6538848876953;87.14327239990234;97.14136505126952;63.91169357299805;14.193750381469728;5.182438850402832;25.07298851013184;0.2135275900363922;20.402490615844727;48.98850631713867;37.198707580566406;43.498653411865234;1947.37548828125;40.07208251953125;127.23460388183594;101.25916290283205;75.37115478515625;20.057741165161133;9.188268661499023;3.2906973361968994;59.99993896484375;87.81130981445312;44.24312210083008;51.254154205322266
03.07.2023;13.990827560424805;11.374282836914062;56.80420303344727;9.55909252166748;32.11539840698242;7.0943803787231445;144.2988739013672;66.34412384033203;138.76870727539062;26.11003303527832;409.7105407714844;53.23460006713867;118.08708190917967;25.444652557373047;17.035364151000977;42.63821029663086;268.7640991210937;17.02880859375;157.9595184326172;12.906505584716797;52.8877067565918;27.631519317626957;116.3589324951172;88.83232116699219;3.938354015350342;55.12008666992188;174.74942016601562;86.16434478759766;97.4153060913086;64.6026382446289;14.40005588531494;5.035766124725342;25.119319915771484;0.2099687755107879;20.208179473876957;49.96632385253906;36.7230224609375;43.58599853515625;1915.082275390625;39.54436874389648;127.48453521728516;100.51461029052734;75.55496215820312;20.105247497558597;9.181401252746582;3.396328926086426;59.9068489074707;86.32769775390625;44.43245315551758;51.994285583496094
04.07.2023;13.968487739562988;11.294742584228516;56.980072021484375;9.501380920410156;31.92654228210449;7.187726974487305;143.31593322753906;67.069091796875;137.0850067138672;25.973567962646484;410.1458435058594;53.08220291137695;116.14325714111328;25.630041122436523;16.874652862548828;43.69611740112305;244.4662322998047;16.74964714050293;156.15924072265625;12.98546028137207;52.42821502685547;27.676494598388672;116.3589324951172;89.73058319091797;3.919820547103882;54.650978088378906;174.46279907226562;86.26031494140625;97.19615173339844;66.3299789428711;14.688880920410156;5.231329441070557;24.906206130981445;0.2099687755107879;20.013872146606445;50.84635543823242;37.57925796508789;43.06191635131836;1910.5809326171875;39.766300201416016;126.23489379882812;99.58392333984376;75.54576110839844;19.7061824798584;9.13332176208496;3.3927483558654785;59.44137191772461;87.1529541015625;44.24312210083008;53.65958023071289
05.07.2023;13.879133224487305;11.294742584228516;57.15593338012695;9.4594087600708;31.9454288482666;7.150388717651367;140.89369201660156;66.39989471435547;136.69345092773438;25.837106704711918;408.0177307128906;52.21543884277344;119.05899047851562;25.861778259277344;16.642515182495117;44.064083099365234;252.40023803710935;16.40310287475586;155.5591583251953;12.846030235290527;52.78455352783203;27.163799285888672;116.3589324951172;88.83232116699219;3.993954181671143;55.12008666992188;173.79397583007812;85.76126098632812;95.9359893798828;67.50635528564453;14.936446189880373;5.182438850402832;24.776487350463867;0.2182726263999939;20.22991943359375;50.16188430786133;38.15008163452149;42.974571228027344;1891.204833984375;39.31749725341797;127.77291107177734;101.25916290283205;75.38034057617188;19.66817855834961;9.093828201293944;3.3336660861968994;56.78815460205078;87.1622314453125;44.05376434326172;54.37504577636719
06.07.2023;13.640283584594728;10.897040367126465;57.15593338012695;9.176098823547363;31.161664962768555;7.169057846069336;136.06675720214844;65.11724090576172;131.740234375;26.473936080932617;394.765380859375;50.47238159179688;117.60112762451172;25.444652557373047;16.499658584594727;43.51213455200195;248.4332427978516;15.883285522460938;151.66824340820312;12.612526893615724;52.08126068115234;26.23735237121582;116.3589324951172;85.2865982055664;3.919820547103882;54.88553237915039;168.1569061279297;84.28327941894531;93.16000366210938;67.32537841796875;14.977705955505373;5.133547782897949;24.202014923095703;0.2170863598585128;20.033510208129883;48.98850631713867;39.00632095336914;43.498653411865234;1800.5885009765625;38.46426773071289;124.46612548828124;99.77005767822266;75.3619613647461;19.611167907714844;8.99767017364502;3.222663164138794;56.36922454833984;86.69860076904297;41.79622268676758;50.36846160888672
07.07.2023;13.918656349182127;10.976581573486328;57.15593338012695;9.261791229248049;31.492164611816406;7.150388717651367;135.8385772705078;65.08007049560547;131.99473571777344;26.883325576782227;389.4934692382813;51.12960052490234;116.62921142578124;25.16656875610352;16.874652862548828;44.24806594848633;247.93736267089844;16.220205307006836;151.88116455078125;12.6780424118042;51.818695068359375;26.41724395751953;116.3589324951172;86.70488739013672;3.845686912536621;55.12008666992188;170.92767333984375;84.26408386230469;93.50700378417967;67.68734741210938;15.184011459350586;5.231329441070557;24.424392700195312;0.2170863598585128;19.640697479248047;49.47741317749024;38.816043853759766;46.119049072265625;1822.3128662109373;38.52838897705078;126.02340698242188;100.51461029052734;75.3619613647461;20.447303771972656;8.870604515075684;3.265632152557373;56.83470153808594;86.60588073730469;42.52931594848633;52.085567474365234
10.07.2023;13.97364330291748;11.294742584228516;57.15593338012695;9.270535469055176;31.65269660949707;7.13171911239624;136.85662841796875;65.52619934082031;133.95252990722656;26.473936080932617;392.6856384277344;51.70109176635742;119.05899047851562;25.30561065673828;16.821083068847656;44.34006118774414;251.90435791015625;16.220205307006836;153.1007080078125;12.515093803405762;51.64990997314453;26.31830406188965;117.275146484375;89.5887451171875;3.9568874835968018;55.58919143676758;172.4563751220703;84.83992004394531;93.83575439453124;67.68734741210938;15.184011459350586;5.426893711090088;24.396595001220703;0.2170863598585128;19.24788475036621;49.08628845214844;38.43549728393555;45.24558639526367;1836.4044189453125;38.6714096069336;126.92698669433594;99.39778137207033;75.38034057617188;20.456806182861328;8.908380508422852;3.299649238586426;56.415775299072266;85.50244140625;42.82546615600586;52.27635955810547
11.07.2023;14.033785820007324;11.294742584228516;57.15593338012695;9.385957717895508;31.96431350708008;7.169057846069336;136.87417602539062;65.9351577758789;133.34561157226562;27.019790649414062;395.684326171875;53.76799392700195;118.08708190917967;25.630041122436523;16.803224563598633;44.24806594848633;252.8961181640625;16.595626831054688;155.44302368164062;12.530213356018066;51.59364318847656;26.72306060791016;117.275146484375;90.67610931396484;3.966154098510742;57.2310676574707;172.55194091796875;86.26031494140625;94.69410705566406;68.04930877685547;15.184011459350586;5.6713480949401855;24.396595001220703;0.2194588929414749;19.24788475036621;48.98850631713867;38.43549728393555;45.4202766418457;1873.1990966796875;38.90814208984375;127.11925506591795;99.9561996459961;75.41710662841797;20.39979362487793;8.954741477966309;3.326504707336426;56.64850997924805;86.60588073730469;43.11676406860352;54.37504577636719
12.07.2023;14.361989974975586;11.453824996948242;56.980072021484375;9.503129005432127;32.14373016357422;7.0943803787231445;139.3842010498047;66.62295532226562;135.4600372314453;27.110763549804688;400.7144470214844;55.15862655639648;118.57303619384766;25.76908302307129;17.05322265625;44.34006118774414;256.36724853515625;17.346473693847656;160.05015563964844;12.56549072265625;51.83744812011719;26.795019149780277;114.5265121459961;93.65452575683594;4.1329545974731445;58.63839340209961;175.9915008544922;87.81507873535156;95.9725341796875;68.41127014160156;15.26653289794922;5.818020820617676;25.07298851013184;0.2194588929414749;19.24788475036621;48.98850631713867;38.34035873413086;46.99251937866211;1906.8621826171875;39.6627311706543;128.29200744628906;100.32847595214844;74.91162872314453;21.10290908813477;8.985651016235352;3.346198558807373;57.48637008666992;87.43113708496094;45.13642501831055;56.473731994628906
13.07.2023;14.45134449005127;11.453824996948242;56.980072021484375;9.62204933166504;32.06818771362305;7.150388717651367;140.38467407226562;67.32933807373047;135.81243896484375;27.24723052978516;404.4386291503906;54.9586067199707;119.5449447631836;25.398303985595703;16.749656677246094;44.524044036865234;254.38372802734372;17.461986541748047;156.73997497558594;12.66964340209961;52.05312347412109;27.33469581604004;117.275146484375;94.55277252197266;4.3460893630981445;58.63839340209961;178.66671752929688;87.98783111572266;96.3743133544922;68.77323913574219;15.26653289794922;5.72023868560791;25.54553985595703;0.2194588929414749;18.855070114135746;49.28185272216797;38.43549728393555;47.86598587036133;1922.71533203125;40.259498596191406;129.38787841796875;100.70074462890624;74.92081451416016;20.760852813720703;8.97191333770752;3.3551504611968994;58.09149169921875;88.08948516845703;45.801544189453125;57.23688888549805
14.07.2023;14.365427017211914;11.6924467086792;56.980072021484375;9.606310844421388;31.992645263671875;7.0943803787231445;141.17454528808594;67.23638916015625;134.1678924560547;27.110763549804688;407.82427978515625;54.9681282043457;119.5449447631836;25.30561065673828;16.767513275146484;44.15607452392578;251.90435791015625;17.519744873046875;157.0303497314453;12.609167098999023;52.165653228759766;27.4426326751709;117.275146484375;92.66171264648438;4.373888969421387;60.045711517333984;178.5711669921875;88.17977142333984;97.1778793334961;69.13520050048828;15.26653289794922;5.769130229949951;25.44361686706543;0.2194588929414749;18.756866455078125;49.1840705871582;38.53063201904297;48.21537399291992;1953.442626953125;40.27922439575195;127.86904907226562;101.25916290283205;74.92081451416016;20.39979362487793;9.006256103515625;3.292487621307373;58.04494094848633;88.08021545410156;45.9569091796875;57.42768096923828
17.07.2023;14.26748275756836;11.612906455993652;56.980072021484375;9.592320442199709;32.01152801513672;6.982364177703857;139.9282989501953;67.31074523925781;134.10916137695312;26.61039924621582;400.42425537109375;54.89193344116211;119.5449447631836;25.120222091674805;16.785367965698242;44.34006118774414;246.94561767578125;17.356101989746094;155.28814697265625;12.582289695739746;51.77180862426758;27.460622787475582;114.5265121459961;91.33797454833984;4.244155406951904;58.63839340209961;179.3355255126953;87.71910858154297;96.35604095458984;69.67815399169922;15.307793617248535;5.6713480949401855;25.21197509765625;0.2135275900363922;19.24788475036621;48.15736389160156;38.34035873413086;47.167213439941406;1871.241943359375;40.2397689819336;128.3496856689453;101.25916290283205;73.52386474609375;20.124250411987305;9.021710395812988;3.2423572540283203;56.92779922485352;86.23497009277344;45.45199966430664;57.42768096923828
18.07.2023;14.255452156066896;11.612906455993652;56.980072021484375;9.651780128479004;32.08707046508789;7.0943803787231445;139.9282989501953;68.38890838623047;135.53836059570312;26.61039924621582;395.0072326660156;55.13957977294922;118.57303619384766;25.120222091674805;16.96393585205078;45.44396209716797;249.92086791992188;17.26946449279785;155.94630432128906;12.583969116210938;51.93122482299805;27.811412811279297;116.3589324951172;92.75626373291016;4.253422260284424;61.453033447265625;180.7686767578125;88.19896697998047;96.79436492919922;69.13520050048828;15.184011459350586;5.6713480949401855;25.665996551513672;0.2170863598585128;19.640697479248047;48.10847854614258;38.05494689941406;48.21537399291992;1845.407470703125;40.16085815429688;128.84954833984375;101.44529724121094;73.5330581665039;20.390291213989254;8.963326454162598;3.326504707336426;56.78815460205078;85.38189697265625;45.43742370605469;57.42768096923828
19.07.2023;14.243423461914062;11.851526260375977;56.980072021484375;9.71998405456543;31.9454288482666;7.057041645050049;138.8576202392578;66.47423553466797;136.06695556640625;26.51942253112793;393.024169921875;55.12052917480469;119.05899047851562;24.842138290405277;17.231788635253906;45.9039192199707;264.3012084960937;17.288715362548828;152.79098510742188;12.646123886108398;52.090633392333984;28.18918800354004;115.44271850585938;94.36366271972656;4.327556133270264;60.045711517333984;182.7751007080078;86.62501525878906;97.57967376708984;68.77323913574219;15.307793617248535;5.6713480949401855;26.02735710144043;0.2170863598585128;19.44429016113281;48.69516372680664;38.05494689941406;48.04067993164063;1841.884521484375;40.80201721191406;129.15716552734375;100.88688659667967;72.14529418945312;20.143253326416016;9.078374862670898;3.3605217933654785;57.20708465576172;84.00955200195312;45.573368072509766;57.42768096923828
20.07.2023;14.30700397491455;11.6924467086792;56.62834167480469;9.72697925567627;31.98319625854492;6.945024967193604;140.7708282470703;67.75688171386719;138.4750518798828;26.928815841674805;387.8973693847656;55.66344833374024;119.05899047851562;26.417945861816406;17.64249610900879;47.2838020324707;260.8301086425781;17.423484802246094;155.15264892578125;12.899786949157717;52.55012512207031;28.450031280517575;115.44271850585938;92.04712677001952;4.3460893630981445;60.983924865722656;180.09986877441406;86.62501525878906;98.83982849121094;69.13520050048828;15.349055290222168;5.57356595993042;26.203407287597656;0.2170863598585128;19.640697479248047;47.71735000610352;38.15008163452149;48.21537399291992;1839.3402099609373;40.14606475830078;129.38787841796875;101.0730209350586;71.69496154785156;20.49481010437012;9.26210594177246;3.3927483558654785;57.02089309692383;83.44392395019531;44.88396453857422;56.473731994628906
21.07.2023;14.188437461853027;11.6924467086792;56.62834167480469;9.72173309326172;32.06818771362305;6.9636945724487305;141.1920928955078;66.15823364257812;138.7295684814453;26.883325576782227;397.7157287597656;55.58724594116211;118.57303619384766;25.861778259277344;17.49964141845703;47.09981536865234;264.7970886230469;17.693017959594727;157.3594207763672;12.987140655517578;53.05649566650391;28.477014541625977;117.275146484375;91.90528869628906;4.3460893630981445;60.51481628417969;175.0360565185547;86.8553466796875;98.63893127441406;68.77323913574219;15.349055290222168;5.426893711090088;26.277530670166016;0.21234130859375;20.42632484436035;47.47289276123047;38.05494689941406;47.167213439941406;1873.9820556640625;39.89946746826172;129.29173278808594;100.32847595214844;73.06433868408203;20.475807189941406;9.241500854492188;3.503751277923584;57.02089309692383;82.58157348632812;44.383907318115234;56.28294372558594
24.07.2023;14.398076057434082;11.6924467086792;57.68352890014648;9.791686058044434;31.87932777404785;6.945024967193604;141.1043243408203;64.94994354248047;140.0608673095703;27.110763549804688;394.28173828125;55.63487243652344;118.08708190917967;25.9544734954834;17.517499923706055;46.91583633422852;266.7806091308594;18.3861083984375;157.68850708007812;12.930024147033691;52.78455352783203;28.701881408691406;117.275146484375;93.46541595458984;4.327556133270264;61.68758773803711;175.41822814941406;86.74017333984375;98.32845306396484;69.67815399169922;15.184011459350586;5.329111099243164;26.55550193786621;0.2099687755107879;21.40835952758789;46.935096740722656;37.198707580566406;48.04067993164063;1856.759033203125;39.4901123046875;131.0797119140625;101.0730209350586;72.60481262207031;20.105247497558597;9.322205543518066;3.5664141178131104;57.57946395874024;82.17359161376953;44.34506607055664;56.28294372558594
25.07.2023;14.415260314941406;11.6924467086792;57.15593338012695;9.765453338623049;31.81322479248047;6.945024967193604;140.7708282470703;65.99092864990234;141.76416015625;27.33820533752441;396.554931640625;55.99681854248047;119.5449447631836;25.676389694213867;17.66035270690918;46.3638801574707;267.2764587402344;18.3861083984375;158.2498779296875;12.911544799804688;53.225284576416016;28.620929718017575;119.10757446289062;92.33078002929688;4.3460893630981445;60.045711517333984;177.42465209960938;87.43118286132812;98.4197769165039;69.67815399169922;15.431578636169434;5.231329441070557;26.360923767089844;0.2135275900363922;21.21195411682129;47.13066101074219;37.67439651489258;48.21537399291992;1856.3675537109373;37.53213119506836;127.86904907226562;103.67896270751952;72.14529418945312;20.000730514526367;9.215744018554688;3.5699946880340576;57.81220245361328;82.15503692626953;45.42771911621094;57.04610061645508
26.07.2023;14.805327415466309;11.93106746673584;57.68352890014648;9.728729248046877;31.520496368408203;6.926355838775635;138.8576202392578;67.05049896240234;142.19485473632812;27.33820533752441;393.7496948242188;55.758697509765625;117.60112762451172;26.232555389404297;17.85677719116211;45.71993637084961;281.16094970703125;18.34760093688965;155.07521057128906;12.919944763183594;52.41884231567383;28.62992477416992;115.44271850585938;91.0543212890625;4.336822509765625;60.045711517333984;176.8513946533203;86.79776763916016;97.6527328491211;69.3161849975586;15.475921630859377;5.28022050857544;26.583301544189453;0.2135275900363922;21.604766845703125;49.7707633972168;37.67439651489258;48.92703628540039;1812.722900390625;36.9649543762207;128.02284240722656;102.37599182128906;71.7225341796875;19.744190216064453;9.026861190795898;3.638028860092163;57.81220245361328;81.80268096923828;44.98591995239258;57.04610061645508
27.07.2023;15.582021713256836;11.77198600769043;57.15593338012695;9.751462936401367;31.85099983215332;7.150388717651367;142.13992309570312;68.16583251953125;144.5833740234375;28.20247459411621;399.1667175292969;58.31136703491211;118.08708190917967;26.696027755737305;18.25855255126953;45.6279411315918;288.5990905761719;17.9818058013916;159.1016387939453;12.862829208374023;52.700157165527344;28.692886352539062;118.1913604736328;93.51268768310548;4.522156715393066;60.045711517333984;197.96653747558597;87.89185333251953;98.96765899658205;70.40208435058594;15.786325454711914;5.084656715393066;27.398681640625;0.2135275900363922;21.99757957458496;52.01973342895508;37.67439651489258;48.03745269775391;1893.749267578125;38.33110427856445;125.92727661132812;102.37599182128906;71.73171997070312;21.093408584594727;9.001105308532715;3.6362380981445312;53.8091049194336;80.76415252685547;48.99610137939453;57.23688888549805
28.07.2023;15.956623077392578;12.090147972106934;57.15593338012695;9.903611183166504;32.15317153930664;7.113049983978272;143.66697692871094;68.4074935913086;147.28515625;28.111499786376957;407.0987854003906;58.53996276855469;120.03089904785156;26.603334426879883;18.12462615966797;44.524044036865234;289.094970703125;18.34760093688965;156.9335479736328;12.594048500061035;52.91583633422852;29.871183395385746;116.3589324951172;95.6874008178711;4.5036234855651855;59.3420524597168;190.3230438232422;87.48877716064453;98.4745635986328;70.40208435058594;15.786325454711914;4.889092922210693;27.71371459960937;0.2147138267755508;20.81913948059082;52.41085433959961;37.48412322998047;48.92703628540039;1968.4150390625;38.123966217041016;128.25355529785156;102.7482681274414;72.60481262207031;20.09574508666992;8.916966438293457;3.6451902389526367;52.41267395019531;80.76415252685547;46.99100875854492;56.85530853271485
31.07.2023;16.02707290649414;11.851526260375977;57.50766372680664;9.868635177612305;32.37980270385742;7.187726974487305;143.36859130859375;68.24019622802734;147.77459716796875;28.111499786376957;409.37200927734375;58.55900955200195;118.57303619384766;26.417945861816406;18.079984664916992;44.43204879760742;277.6898498535156;18.08769416809082;156.83676147460938;12.52517318725586;52.07188034057617;29.2955265045166;116.3589324951172;96.34927368164062;4.522156715393066;59.57660675048828;188.889892578125;87.45037841796875;97.50662231445312;70.94502258300781;15.786325454711914;4.986874580383301;27.5839958190918;0.2075962573289871;21.015544891357425;52.80198669433594;37.10357284545898;48.92703628540039;1973.3079833984373;38.35576629638672;128.7918701171875;102.56212615966795;71.69496154785156;19.69668197631836;8.82939338684082;3.838550329208374;51.667911529541016;80.76415252685547;47.214332580566406;54.56583404541016
01.08.2023;15.731517791748049;11.851526260375977;58.035255432128906;9.761955261230469;32.01152801513672;7.299744129180908;142.1925811767578;68.5376205444336;144.05477905273438;28.156986236572266;402.4556274414063;58.397090911865234;119.05899047851562;26.46429252624512;17.946060180664062;44.89200973510742;272.7311096191406;18.029935836791992;155.50108337402344;12.511734008789062;51.84682846069336;29.19658660888672;116.3589324951172;94.93098449707033;4.559223651885986;60.983924865722656;190.22750854492188;88.52527618408203;95.71683502197266;70.7640380859375;15.697638511657717;5.035766124725342;27.574729919433597;0.2147138267755508;21.604766845703125;53.19311141967773;37.10357284545898;47.85953903198242;1935.04541015625;38.133827209472656;126.69629669189452;102.37599182128906;71.22624206542969;19.478145599365234;8.779597282409668;3.811694383621216;51.481719970703125;80.76415252685547;47.126953125;54.56583404541016
02.08.2023;15.50297737121582;12.090147972106934;57.68352890014648;9.625547409057615;31.322193145751957;7.411760330200195;140.36712646484375;68.68633270263672;142.78219604492188;28.29344940185547;400.42425537109375;58.4066162109375;120.03089904785156;26.37159919738769;17.71392250061035;45.53594970703125;273.2269592285156;17.952926635742188;156.9141845703125;12.293350219726562;51.93122482299805;28.620929718017575;116.3589324951172;93.74907684326172;4.568490505218506;59.3420524597168;188.31663513183597;89.25466918945312;93.50700378417967;70.58306121826172;15.65329360961914;5.035766124725342;27.33382225036621;0.21234130859375;21.604766845703125;53.074951171875;37.10357284545898;48.57120513916016;1909.2109375;37.54692840576172;126.6578369140625;102.37599182128906;71.6857681274414;19.335622787475582;8.765860557556152;3.713223934173584;50.597312927246094;81.69141387939453;46.51522064208984;54.56583404541016
03.08.2023;15.382692337036133;12.090147972106934;57.15593338012695;9.774198532104492;30.7839469909668;7.318413734436035;138.5767822265625;68.8536376953125;141.58795166015625;28.475400924682617;398.68304443359375;57.93989562988281;118.08708190917967;26.603334426879883;17.566612243652344;45.99591064453125;272.2351989746094;17.7700252532959;154.80421447753906;12.09512424468994;51.10602188110352;29.070661544799805;117.275146484375;93.84362030029295;4.596290588378906;60.28026580810547;186.6923828125;88.04541015625;92.21033477783205;70.40208435058594;15.786325454711914;4.986874580383301;26.8056755065918;0.2111550569534301;21.80117416381836;53.074951171875;37.86467361450195;48.749122619628906;1882.0062255859373;37.22635269165039;125.3697280883789;102.93440246582033;70.77590942382812;19.126588821411133;8.666268348693848;3.752612352371216;50.03874206542969;81.13505554199219;45.24808120727539;54.56583404541016
04.08.2023;15.332860946655272;12.567390441894531;57.15593338012695;10.374046325683594;31.029464721679688;7.393091201782227;139.55970764160156;68.66773986816406;143.17376708984375;28.748329162597656;398.3928527832031;58.397090911865234;118.08708190917967;26.32525062561035;17.492958068847656;46.54786682128906;275.21044921875;17.741147994995117;155.7914581298828;12.127041816711426;50.82470703125;29.08865165710449;116.3589324951172;94.74187469482422;4.614823818206787;59.8111572265625;188.31663513183597;87.98783111572266;93.1234893798828;70.2210922241211;15.875012397766112;4.986874580383301;26.85200500488281;0.21234130859375;21.604766845703125;52.188724517822266;37.57925796508789;48.749122619628906;1885.7249755859373;37.26580429077149;125.73502349853516;103.12054443359376;69.84767150878906;19.24060821533203;8.66455078125;3.4912185668945312;50.69041442871094;81.59868621826172;44.0828971862793;54.75662612915039
07.08.2023;15.28646469116211;12.090147972106934;57.15593338012695;10.32158088684082;31.284425735473636;7.449099540710449;140.08628845214844;68.92799377441406;144.7008514404297;28.93027877807617;395.0555725097656;58.31136703491211;118.08708190917967;26.32525062561035;17.529787063598633;47.2838020324707;278.6816101074219;17.76040267944336;155.71401977539062;12.113602638244627;51.0778923034668;29.01669311523437;117.275146484375;96.72748565673828;4.614823818206787;59.8111572265625;188.6988067626953;87.9494400024414;93.83575439453124;69.67815399169922;15.875012397766112;5.28022050857544;26.814943313598636;0.21234130859375;21.80117416381836;52.68107223510742;37.57925796508789;50.52828598022461;1874.9605712890625;37.3200569152832;126.04261779785156;102.56212615966795;69.52600860595703;20.124250411987305;8.662834167480469;3.482266664505005;50.69041442871094;82.51667022705078;43.66536712646485;54.75662612915039
08.08.2023;15.090572357177734;12.090147972106934;57.50766372680664;10.068000793457031;31.36941146850586;7.486438751220703;139.84054565429688;68.01713562011719;144.1918182373047;28.97576904296875;392.0568542480469;58.06371688842773;118.57303619384766;26.32525062561035;17.456130981445312;46.73184967041016;271.7393493652344;17.664140701293945;153.87501525878906;12.123682975769045;51.11540222167969;28.74685287475586;117.275146484375;95.49829864501952;4.633357524871826;60.983924865722656;187.26565551757807;87.91104888916016;93.68963623046876;69.3161849975586;15.875012397766112;5.231329441070557;26.666690826416016;0.21234130859375;21.604766845703125;51.99178695678711;37.10357284545898;50.88412094116211;1856.3675537109373;36.97481918334961;125.4466323852539;102.37599182128906;69.52600860595703;19.782196044921875;8.666268348693848;3.3658926486968994;50.69041442871094;81.59868621826172;43.09734725952149;54.75662612915039
09.08.2023;14.942793846130373;12.487850189208984;58.386985778808594;10.054010391235352;31.529939651489254;7.467769145965576;140.9639129638672;67.64534759521484;144.89662170410156;29.021255493164062;393.50787353515625;58.01609420776367;118.57303619384766;26.32525062561035;17.842817306518555;49.3076171875;280.66510009765625;17.654512405395508;155.5204315185547;12.231195449829102;51.4904899597168;28.836801528930664;117.275146484375;94.93098449707033;4.605557441711426;60.51481628417969;187.26565551757807;88.2949447631836;94.07315826416016;69.13520050048828;15.786325454711914;5.231329441070557;26.425783157348636;0.21234130859375;21.40835952758789;53.46882247924805;37.10357284545898;51.59578323364258;1858.716064453125;36.99948120117188;126.5809326171875;103.12054443359376;69.52600860595703;20.33328437805176;8.7298002243042;3.5180740356445312;50.96969604492188;81.59868621826172;42.8497428894043;54.947410583496094
10.08.2023;14.984036445617676;12.090147972106934;58.21111679077149;10.134456634521484;31.96431350708008;7.523777484893799;143.17552185058594;68.37032318115234;145.30775451660156;29.06674575805664;405.4059753417969;57.99704360961914;117.60112762451172;26.32525062561035;18.063783645629883;47.65176773071289;283.64031982421875;17.78927993774414;155.36558532714844;12.293350219726562;51.63115310668945;29.08865165710449;118.1913604736328;96.4438247680664;4.633357524871826;60.51481628417969;190.4185943603516;88.23735809326172;95.11416625976562;68.41127014160156;15.919357299804688;5.182438850402832;26.45357894897461;0.21234130859375;21.80117416381836;53.46882247924805;36.91329956054688;52.48536682128906;1918.2137451171875;37.07345962524414;126.92698669433594;102.56212615966795;73.52386474609375;20.751352310180664;8.784748077392578;3.552091121673584;51.52827072143555;83.45320129394531;43.19929885864258;54.75662612915039
11.08.2023;14.475401878356934;12.090147972106934;57.85939407348633;10.099479675292969;31.520496368408203;7.561116695404053;141.84153747558594;67.86841583251953;144.05477905273438;29.021255493164062;398.8281555175781;58.1018180847168;117.11516571044922;26.186208724975582;17.990127563476562;46.17989730834961;283.1444702148437;17.32722282409668;154.2234649658203;12.174079895019531;51.1341552734375;28.60293960571289;118.1913604736328;95.40374755859376;4.633357524871826;60.28026580810547;190.22750854492188;87.81507873535156;94.60279083251952;68.59225463867188;15.919357299804688;5.182438850402832;26.231201171875;0.21234130859375;22.193986892700195;53.17341995239258;37.0084342956543;52.48536682128906;1883.572265625;36.35832977294922;125.6773452758789;102.93440246582033;72.78861999511719;20.5233154296875;8.810504913330078;3.5288162231445312;50.92314910888672;82.62793731689453;41.90302658081055;54.37504577636719
14.08.2023;14.516642570495604;11.93106746673584;58.035255432128906;10.12571144104004;31.59603881835937;7.486438751220703;142.84202575683594;67.73828887939453;144.5442352294922;29.112232208251957;401.9236145019531;58.17802047729492;118.57303619384766;25.02752685546875;17.732336044311523;45.71993637084961;284.1361999511719;17.471614837646484;154.90098571777344;12.217756271362305;51.4904899597168;28.773839950561523;118.1913604736328;95.97106170654295;4.707490921020508;60.983924865722656;190.8007659912109;88.33332824707031;94.49321746826172;67.14439392089844;15.919357299804688;5.084656715393066;26.38871955871582;0.2087825238704681;22.39039421081543;53.76423263549805;36.81816101074219;52.12953567504883;1887.094970703125;36.50628280639648;125.58121490478516;103.12054443359376;74.08448791503906;20.418798446655277;8.856867790222168;3.5932695865631104;50.783504486083984;84.38045501708984;42.272003173828125;53.993465423583984
15.08.2023;14.219367027282717;11.93106746673584;58.035255432128906;10.054010391235352;31.39773941040039;7.486438751220703;141.80642700195312;67.38510131835938;143.13461303710938;29.20320701599121;395.1523132324219;57.82559585571289;118.57303619384766;25.49099922180176;17.769163131713867;45.81192779541016;278.1856994628906;17.221332550048828;153.2555694580078;12.101844787597656;50.54338836669922;28.59394645690918;118.1913604736328;95.30919647216795;4.781624794006348;60.983924865722656;189.84532165527344;87.29682159423828;93.83575439453124;65.15359497070312;15.697638511657717;5.182438850402832;26.231201171875;0.2087825238704681;22.586801528930664;53.66576766967773;36.91329956054688;52.48536682128906;1868.893310546875;36.40764617919922;123.94703674316406;103.12054443359376;73.52386474609375;20.07674217224121;8.795052528381348;3.6129634380340576;50.41112518310547;86.79132843017578;41.99527740478516;53.61188507080078
16.08.2023;14.31044101715088;12.487850189208984;58.035255432128906;9.998047828674316;31.36941146850586;7.542446613311768;141.7888641357422;65.9351577758789;143.13461303710938;29.06674575805664;394.4268493652344;58.02561569213867;118.57303619384766;25.9544734954834;17.824405670166016;44.984004974365234;278.6816101074219;17.230958938598633;153.2749481201172;12.182477951049805;50.383975982666016;28.18918800354004;119.10757446289062;97.01113891601562;4.837224960327148;61.21847915649414;191.08740234375;87.23924255371094;93.50700378417967;64.97261047363281;15.963700294494627;5.035766124725342;26.46284484863281;0.2087825238704681;22.586801528930664;53.66576766967773;37.0084342956543;52.48536682128906;1885.920654296875;36.46189880371094;123.69710540771484;103.12054443359376;74.4337158203125;19.92471694946289;8.77787971496582;4.318368434906006;50.597312927246094;86.69860076904297;41.86418914794922;52.27635955810547
17.08.2023;14.150633811950684;12.090147972106934;57.68352890014648;9.945582389831545;31.105005264282227;7.523777484893799;141.03411865234375;65.26596069335938;141.68585205078125;28.97576904296875;389.4934692382813;57.0350341796875;118.08708190917967;25.76908302307129;17.750749588012695;44.984004974365234;271.7393493652344;16.913293838500977;149.6743927001953;12.167359352111816;49.94324493408203;28.05426788330078;118.1913604736328;95.12008666992188;5.004025936126709;62.15669250488281;190.1319732666016;85.43494415283203;92.75821685791016;64.7916259765625;15.875012397766112;4.986874580383301;26.425783157348636;0.21234130859375;22.586801528930664;52.68107223510742;36.24733352661133;52.30745315551758;1834.8387451171875;35.24370574951172;122.63970184326172;103.12054443359376;74.44290924072266;19.86771011352539;8.776163101196289;4.123218536376953;49.71290969848633;85.77134704589844;41.0825424194336;51.7039909362793
18.08.2023;14.04753303527832;11.77198600769043;57.33179473876953;9.907108306884766;30.7839469909668;7.635794162750244;140.98146057128906;65.99092864990234;140.39369201660156;28.79381561279297;385.1888732910156;56.43495941162109;119.5449447631836;25.676389694213867;17.62185287475586;44.34006118774414;270.251708984375;16.759273529052734;149.3646697998047;12.253033638000488;49.87760543823242;28.063262939453125;118.1913604736328;94.5054931640625;5.078159809112549;61.21847915649414;189.0809783935547;85.47334289550781;92.22858428955078;64.97261047363281;15.830670356750488;4.986874580383301;26.379453659057617;0.21234130859375;22.586801528930664;53.17341995239258;36.15219879150391;52.30745315551758;1822.7042236328125;35.268367767333984;121.79377746582033;102.37599182128906;75.82148742675781;19.487648010253903;8.812222480773926;4.001473426818848;49.15433883666992;88.08948516845703;40.927188873291016;52.46714782714844
21.08.2023;14.30184841156006;11.77198600769043;57.50766372680664;9.931591987609863;30.79339027404785;7.654463291168213;140.4548797607422;65.84221649169922;141.666259765625;28.88479232788086;384.9954223632813;56.24446487426758;119.5449447631836;25.398303985595703;17.677095413208008;45.35197067260742;262.3177490234375;16.74964714050293;149.8873291015625;12.384063720703123;49.75569915771485;27.90135955810547;117.275146484375;94.55277252197266;5.263493537902832;60.28026580810547;188.41217041015625;84.95508575439453;92.11900329589844;64.7916259765625;15.919357299804688;5.084656715393066;26.37018775939941;0.21234130859375;22.7832088470459;51.79484558105469;35.676509857177734;52.48536682128906;1833.860107421875;35.08588409423828;123.15878295898438;102.37599182128906;74.45210266113281;20.057741165161133;8.771011352539062;4.162606716156006;48.73540496826172;88.92402648925781;41.320438385009766;51.89478302001953
22.08.2023;14.353398323059082;11.77198600769043;58.035255432128906;10.022531509399414;30.87837791442871;7.654463291168213;141.1920928955078;65.84221649169922;142.4689483642578;28.70283889770508;383.3509216308594;56.47306442260742;118.08708190917967;25.49099922180176;17.95330047607422;45.9039192199707;263.80535888671875;16.884416580200195;150.9713592529297;12.343746185302734;49.352481842041016;28.21617126464844;119.10757446289062;94.31639099121094;5.282027244567871;60.51481628417969;189.9408721923828;85.85723114013672;92.5938491821289;66.60144805908203;15.963700294494627;5.084656715393066;26.546236038208008;0.2075962573289871;22.7832088470459;53.27188491821289;35.58137893676758;52.48536682128906;1844.8201904296875;35.50510025024414;123.94703674316406;103.3066864013672;75.3619613647461;20.07674217224121;8.748687744140625;4.180510520935059;48.87504959106445;88.08948516845703;42.33997344970703;51.51319885253906
23.08.2023;14.363709449768066;11.77198600769043;58.386985778808594;9.989303588867188;31.010578155517575;7.729140281677246;142.03460693359375;66.1954116821289;143.56532287597656;28.70283889770508;388.18756103515625;55.92061614990234;118.57303619384766;25.630041122436523;17.861230850219727;44.89200973510742;269.25994873046875;16.826656341552734;152.03604125976562;12.30006980895996;49.60566711425781;28.18019294738769;121.85620880126952;94.08000946044922;5.263493537902832;60.74937057495117;190.5141448974609;85.89562225341797;92.66691589355467;67.14439392089844;15.786325454711914;4.889092922210693;26.48137664794922;0.2075962573289871;22.586801528930664;53.17341995239258;35.58137893676758;52.48536682128906;1862.0433349609373;35.60374069213867;124.98522186279295;102.56212615966795;74.25910186767578;19.573162078857425;8.81393814086914;4.1053147315979;49.01469802856445;89.0167465209961;42.32540512084961;50.55925369262695
24.08.2023;14.224522590637209;11.77198600769043;58.73871612548828;10.048763275146484;30.51010513305664;7.7104716300964355;142.7893524169922;66.17681121826172;142.17529296875;28.247961044311523;387.26861572265625;55.29197311401367;118.08708190917967;25.861778259277344;17.640268325805664;44.61603546142578;267.7723388671875;16.66301155090332;150.8939208984375;12.335347175598145;49.94324493408203;28.19818115234375;121.85620880126952;93.93817138671876;5.263493537902832;60.74937057495117;188.22108459472656;85.49253845214844;92.72169494628906;66.60144805908203;15.786325454711914;4.889092922210693;26.38871955871582;0.21234130859375;22.7832088470459;52.09025573730469;35.9619255065918;52.12953567504883;1838.1658935546875;35.293025970458984;124.31233215332033;102.56212615966795;74.25910186767578;19.82970428466797;8.791616439819336;4.067717552185059;49.20088195800781;89.20219421386719;41.276737213134766;49.79609680175781
25.08.2023;14.361989974975586;11.77198600769043;58.73871612548828;10.026028633117676;30.53843307495117;7.43043041229248;142.9122314453125;66.23258209228516;142.03823852539062;28.29344940185547;388.3327026367188;55.28245162963867;118.57303619384766;25.49099922180176;17.658681869506836;45.16798400878906;267.2764587402344;16.682262420654297;151.4940185546875;12.42605972290039;50.17767333984375;28.144214630126957;119.10757446289062;93.93817138671876;5.244960308074951;60.74937057495117;188.7943572998047;85.53092956542969;93.45220947265624;66.42046356201172;15.830670356750488;4.986874580383301;26.333126068115234;0.21234130859375;22.586801528930664;52.09025573730469;34.72513961791992;52.48536682128906;1842.863037109375;35.21904754638672;124.85064697265624;102.00371551513672;74.25910186767578;19.71568489074707;8.810504913330078;4.112476348876953;49.107791900634766;89.20219421386719;41.20877456665039;49.414512634277344
28.08.2023;14.542418479919434;11.6924467086792;58.73871612548828;10.120466232299805;31.029464721679688;7.169057846069336;145.0711669921875;67.16204071044922;144.56378173828125;28.475400924682617;391.9601745605469;56.17779159545898;117.60112762451172;25.49099922180176;17.677095413208008;45.99591064453125;273.72283935546875;16.94217300415039;153.75888061523438;12.461338996887209;50.43085861206055;28.441036224365234;119.10757446289062;95.7819595336914;4.929892539978027;61.80337905883789;190.8963165283203;86.70178985595703;94.82194519042967;64.97261047363281;15.697638511657717;4.986874580383301;26.55550193786621;0.21234130859375;22.7832088470459;52.28718948364258;34.91541290283203;52.84120178222656;1876.5262451171875;35.697444915771484;127.11925506591795;102.00371551513672;74.44290924072266;20.04823875427246;8.85515022277832;4.341643333435059;49.48017501831055;89.19292449951172;41.91759490966797;48.0789909362793
29.08.2023;14.79157829284668;11.851526260375977;58.56284713745117;10.22889232635498;31.23720932006836;7.262405395507812;145.26426696777344;67.4780502319336;145.19029235839844;28.29344940185547;395.7810668945313;56.549259185791016;118.08708190917967;25.444652557373047;17.677095413208008;45.99591064453125;275.21044921875;17.07693862915039;155.28814697265625;12.62596607208252;50.32771301269531;28.53997802734375;118.1913604736328;95.7819595336914;5.041092872619629;61.08473587036133;192.42501831054688;87.52715301513672;94.76715850830078;64.7916259765625;15.741981506347656;4.937983989715576;26.9168643951416;0.2111550569534301;22.7832088470459;52.58260345458984;35.01055145263672;53.01911544799805;1896.293701171875;36.1215934753418;127.4268569946289;102.00371551513672;74.25910186767578;20.18125915527344;8.903228759765625;4.395354747772217;50.92314910888672;89.18365478515625;42.83517837524414;48.269775390625
30.08.2023;14.74862003326416;11.93106746673584;57.85939407348633;10.23239040374756;31.208879470825195;7.243736267089844;145.89614868164062;67.68252563476562;145.7384796142578;28.6573543548584;396.7000427246094;56.806434631347656;117.60112762451172;25.351957321166992;17.58502769470215;45.99591064453125;273.2269592285156;17.00955581665039;154.72677612304688;12.505014419555664;50.59965133666992;28.62992477416992;118.1913604736328;96.06562042236328;5.004025936126709;62.042930603027344;193.5715484619141;87.60393524169922;94.49321746826172;64.97261047363281;15.786325454711914;5.035766124725342;26.777877807617188;0.2111550569534301;22.586801528930664;52.87800979614258;35.58137893676758;53.19703674316406;1890.03076171875;36.15118789672852;128.65728759765625;103.3066864013672;74.25910186767578;20.238269805908203;8.903228759765625;3.743660688400269;50.597312927246094;88.27493286132812;42.4030876159668;48.269775390625
31.08.2023;14.731436729431152;12.328768730163574;58.386985778808594;10.192168235778809;31.24665069580078;7.13171911239624;146.44027709960938;66.97614288330078;145.1707305908203;28.33893775939941;392.54052734375;57.30172729492188;117.60112762451172;25.16656875610352;17.511371612548828;45.16798400878906;273.72283935546875;16.980676651000977;153.4878692626953;12.506694793701172;50.47774887084961;28.692886352539062;126.4372787475586;95.97106170654295;4.948425769805908;62.042930603027344;194.1447906494141;87.43118286132812;94.01837158203124;65.15359497070312;15.830670356750488;4.986874580383301;26.78714370727539;0.2111550569534301;22.586801528930664;53.76423263549805;35.3911018371582;52.84120178222656;1860.086181640625;36.11172866821289;130.13766479492188;102.56212615966795;74.26829528808594;20.304780960083008;8.892926216125488;3.947762489318848;50.69041442871094;88.27493286132812;42.39823532104492;48.6513557434082
01.09.2023;14.429007530212402;12.408310890197754;58.386985778808594;10.186920166015623;31.67158317565918;7.225066184997559;146.7562255859375;67.31074523925781;142.9779815673828;28.429914474487305;391.9601745605469;57.387451171875;117.60112762451172;24.285972595214844;17.62185287475586;45.9039192199707;268.7640991210937;16.92292022705078;152.3844757080078;12.447898864746094;50.412109375;28.62992477416992;124.60485076904295;95.40374755859376;4.763091087341309;61.80337905883789;195.86459350585935;87.18164825439453;93.7992172241211;65.3345718383789;15.697638511657717;4.986874580383301;26.879802703857425;0.2075962573289871;22.586801528930664;53.56729507446289;34.72513961791992;52.48536682128906;1845.407470703125;35.973636627197266;128.676513671875;103.3066864013672;74.26829528808594;20.903377532958984;8.954741477966309;4.021167755126953;50.92314910888672;89.20219421386719;42.29141998291016;48.460567474365234
04.09.2023;14.439316749572754;12.249228477478027;58.21111679077149;10.136204719543455;31.794342041015625;7.467769145965576;146.0892333984375;67.18062591552734;142.99755859375;28.066011428833008;392.4921875;55.58724594116211;116.14325714111328;24.47136116027832;17.548198699951172;45.71993637084961;267.2764587402344;16.73039436340332;152.2102508544922;12.392462730407717;50.04639434814453;28.324106216430664;121.85620880126952;94.5054931640625;4.837224960327148;61.56383514404297;194.7180633544922;87.1048812866211;93.85401153564452;65.15359497070312;15.786325454711914;4.986874580383301;27.055850982666016;0.2111550569534301;22.39039421081543;52.38566207885742;34.6300048828125;53.37495040893555;1842.080322265625;36.18077850341797;128.98411560058594;102.37599182128906;75.3619613647461;20.83686637878418;8.915249824523926;4.037281036376953;51.20243835449219;91.42761993408205;42.213748931884766;49.032936096191406
05.09.2023;14.525235176086426;12.090147972106934;58.386985778808594;9.931591987609863;31.784896850585938;7.43043041229248;143.73721313476562;67.53382110595703;142.62557983398438;28.29344940185547;390.6542663574219;54.85383224487305;113.22753143310548;24.42501449584961;17.60344123840332;46.17989730834961;265.7888488769531;16.6245059967041;151.68759155273438;12.24631404876709;49.50251388549805;28.09024429321289;121.85620880126952;91.38525390625;4.763091087341309;60.845191955566406;195.2913055419922;86.62501525878906;93.23304748535156;65.3345718383789;15.697638511657717;5.084656715393066;27.59326171875;0.2111550569534301;22.7832088470459;52.97647857666016;33.96403884887695;53.90869903564453;1828.184326171875;36.16104888916016;128.9072265625;101.8175811767578;74.90243530273438;21.435461044311523;8.910097122192383;4.216317653656006;51.993743896484375;91.42761993408205;42.22831726074219;49.032936096191406
06.09.2023;14.538981437683104;11.93106746673584;58.386985778808594;9.84589958190918;31.62436866760254;7.505107402801514;144.50950622558594;67.62676239013672;142.95840454101562;28.156986236572266;385.1888732910156;54.9681282043457;114.1994400024414;23.9615421295166;17.492958068847656;45.71993637084961;267.2764587402344;16.470487594604492;152.6748504638672;12.182477951049805;49.446250915527344;28.34209632873535;124.60485076904295;87.0831069946289;4.763091087341309;58.92880630493164;191.46957397460935;87.68070983886719;93.4704818725586;64.97261047363281;15.830670356750488;5.182438850402832;27.8804988861084;0.2230176925659179;22.9796142578125;52.77953720092773;33.868900299072266;53.01911544799805;1794.1297607421875;36.06734085083008;128.75343322753906;101.63143920898438;75.82148742675781;21.292940139770508;9.059486389160156;4.173349380493164;52.13338851928711;90.50963592529295;41.60202407836914;48.269775390625
07.09.2023;14.56303882598877;11.93106746673584;59.26631164550781;9.805676460266112;31.5771541595459;7.505107402801514;145.35202026367188;66.75308227539062;145.3273468017578;28.33893775939941;385.3823547363281;54.55855941772461;113.71348571777344;23.080942153930664;17.529787063598633;45.07599639892578;264.7970886230469;16.19132423400879;151.93923950195312;12.31014919281006;49.905738830566406;28.369081497192383;124.60485076904295;86.61033630371094;4.818691253662109;60.60564422607422;189.1765289306641;87.20085144042969;93.59832000732422;64.97261047363281;15.741981506347656;5.329111099243164;27.750778198242188;0.2467429786920547;23.37242889404297;51.69637680053711;33.868900299072266;53.90869903564453;1795.1083984375;35.914451599121094;131.13739013671875;101.63143920898438;75.82148742675781;21.28343772888184;9.253520965576172;4.117847442626953;52.22648239135742;90.26854705810548;39.8930778503418;48.269775390625
08.09.2023;14.597405433654783;12.010607719421388;59.79389953613281;9.756710052490234;31.86044311523437;7.785148620605469;145.22915649414062;68.20301818847656;145.4056396484375;28.247961044311523;391.0411987304688;54.64428329467773;112.255615234375;22.756511688232425;17.916471481323242;44.34006118774414;263.3094482421875;16.14319610595703;152.07473754882812;12.454618453979492;50.23394012451172;28.56696128845215;123.68863677978516;85.23932647705078;4.874291896820068;59.887001037597656;189.27207946777344;87.1048812866211;94.01837158203124;64.61064910888672;15.697638511657717;5.426893711090088;27.352354049682617;0.2894484996795654;24.74728012084961;52.38566207885742;33.67863082885742;53.01911544799805;1809.787109375;35.95391082763672;130.19534301757812;104.42350769042967;77.20005798339844;21.425960540771484;9.267256736755373;4.225269317626953;51.80755615234375;91.33489227294922;40.17951965332031;47.88819885253906
11.09.2023;14.920454025268556;11.93106746673584;58.386985778808594;9.880876541137695;32.22871398925781;7.822488307952881;146.35250854492188;68.83504486083984;146.9131622314453;28.29344940185547;393.8464050292969;54.64428329467773;112.7415771484375;22.84920692443848;17.87964630126953;44.984004974365234;262.8135986328125;16.172073364257812;152.3457489013672;12.505014419555664;50.82470703125;28.782833099365234;125.52106475830078;86.23212432861328;4.911358833312988;59.6474494934082;190.1319732666016;84.59039306640625;94.58453369140624;64.4296646118164;15.741981506347656;5.378002166748047;27.69518280029297;0.2847034335136413;24.74728012084961;51.3025016784668;34.91541290283203;53.73078536987305;1815.8541259765625;35.874996185302734;128.48426818847656;104.23737335205078;77.20005798339844;22.081565856933597;9.37200164794922;4.357757091522217;52.22648239135742;91.32561492919922;39.88822937011719;47.88819885253906
12.09.2023;15.312240600585938;12.249228477478027;59.61803817749024;10.012038230895996;32.16261672973633;7.785148620605469;144.89566040039062;67.64534759521484;145.97340393066406;28.429914474487305;388.18756103515625;54.28234100341797;111.76966094970705;22.84920692443848;17.87964630126953;45.71993637084961;261.32598876953125;16.046932220458984;151.61016845703125;12.499975204467772;50.19643020629883;29.07965660095215;125.52106475830078;85.52297973632812;5.041092872619629;57.7310676574707;187.8389129638672;84.59039306640625;96.0273208618164;64.61064910888672;15.830670356750488;5.378002166748047;27.648855209350582;0.2847034335136413;24.55087280273437;51.10556411743164;34.249454498291016;54.08661651611328;1796.869873046875;35.14999771118164;125.42740631103516;103.3066864013672;76.281005859375;22.281099319458008;9.414929389953612;4.404306888580322;51.90065002441406;90.41690826416016;40.07757186889648;47.697410583496094
13.09.2023;15.255534172058104;12.090147972106934;60.145626068115234;10.094232559204102;32.89916229248047;7.822488307952881;144.24623107910156;68.29596710205078;145.3665008544922;28.475400924682617;384.51171875;53.539398193359375;116.62921142578124;23.45172119140625;17.677095413208008;45.9039192199707;260.334228515625;16.01805305480957;148.45484924316406;12.51341438293457;49.88698196411133;28.88177299499512;124.60485076904295;86.09030151367188;5.041092872619629;57.7310676574707;187.07455444335935;83.07402038574219;94.98631286621094;63.524749755859375;15.786325454711914;5.231329441070557;27.519136428833008;0.2913244366645813;24.158058166503903;51.10556411743164;34.53486251831055;53.37495040893555;1796.869873046875;34.77023696899414;125.46585845947266;102.00371551513672;76.09720611572266;21.977048873901367;9.377152442932127;4.336272239685059;51.993743896484375;90.32418823242188;40.11641311645508;45.312538146972656
14.09.2023;15.10431957244873;12.885553359985352;61.02494812011719;10.241134643554688;32.55921936035156;7.654463291168213;145.68551635742188;67.4036865234375;147.42218017578125;28.70283889770508;388.8647155761719;53.88228988647461;114.68539428710938;23.40537452697754;17.492958068847656;45.44396209716797;259.8383483886719;16.172073364257812;150.7777862548828;12.721719741821287;50.1589241027832;29.60134506225586;123.68863677978516;87.83953094482422;5.05962610244751;58.68925857543945;186.5968475341797;83.45791625976562;97.01351928710938;63.524749755859375;15.741981506347656;5.28022050857544;27.611791610717773;0.2820550501346588;24.158058166503903;50.81015396118164;34.72513961791992;53.19703674316406;1835.8172607421875;34.75544357299805;125.35049438476562;102.00371551513672;76.09720611572266;22.05306053161621;9.423513412475586;4.305835723876953;52.50577163696289;89.94400787353516;40.53393173217773;46.55266952514648
15.09.2023;15.360355377197266;12.567390441894531;61.37667846679688;10.349562644958496;32.710304260253906;7.69180154800415;147.49342346191406;68.20301818847656;149.2037811279297;28.93027877807617;396.6033020019531;54.52046203613281;112.255615234375;23.637109756469727;17.492958068847656;44.80001831054688;258.8465881347656;16.22983169555664;152.3844757080078;12.765396118164062;50.440242767333984;29.988115310668945;123.68863677978516;87.55586242675781;5.05962610244751;58.68925857543945;184.68597412109372;84.82072448730469;98.14582824707033;63.886714935302734;15.741981506347656;5.28022050857544;28.04728126525879;0.2847034335136413;23.37242889404297;50.219337463378906;35.9619255065918;53.37495040893555;1862.826171875;34.85901641845703;126.23489379882812;101.0730209350586;76.74053192138672;22.252593994140625;9.495634078979492;4.316578388214111;52.55231857299805;89.94400787353516;40.14068603515625;45.98030090332031
18.09.2023;15.284747123718262;12.726470947265623;61.02494812011719;10.102977752685549;32.096519470214844;7.7104716300964355;144.22866821289062;66.80884552001953;148.49896240234375;28.38442611694336;391.186279296875;54.244239807128906;112.255615234375;23.266332626342773;17.474544525146484;43.51213455200195;255.3754730224609;15.883285522460938;151.88116455078125;12.67972183227539;50.4589958190918;29.95213508605957;123.68863677978516;85.66481018066406;5.078159809112549;57.49151611328125;181.4374847412109;84.68636322021484;97.01351928710938;62.98180389404297;15.076828002929688;5.28022050857544;27.899030685424805;0.2780824303627014;23.568836212158203;49.530052185058594;36.05706405639648;53.01911544799805;1834.251708984375;34.7850341796875;125.0044403076172;99.39778137207033;77.20005798339844;21.749011993408203;9.52997589111328;4.305835723876953;51.342079162597656;89.93473052978516;39.52806854248047;49.79609680175781
19.09.2023;15.51156997680664;13.044631958007812;61.20081329345703;10.185172080993652;32.48367691040039;7.7478108406066895;144.64993286132812;67.51522827148438;148.5381317138672;28.29344940185547;387.26861572265625;54.51093292236328;114.1994400024414;23.034595489501957;17.58502769470215;43.23616027832031;247.4414825439453;15.902539253234863;150.64227294921875;12.840991020202637;50.22456359863281;30.221973419189453;122.77242279052734;85.52297973632812;4.929892539978027;57.01242446899414;182.10629272460935;83.97616577148438;97.01351928710938;62.98180389404297;15.076828002929688;5.231329441070557;28.130672454833984;0.2833792269229889;23.568836212158203;49.530052185058594;36.34247589111328;52.84120178222656;1806.0684814453125;34.1981315612793;124.27387237548828;99.9561996459961;75.82148742675781;22.37611389160156;9.59007453918457;4.420419692993164;52.55231857299805;87.19004821777344;39.32872772216797;51.13161849975586
20.09.2023;15.98755168914795;13.044631958007812;60.849082946777344;10.31808376312256;32.29481887817383;7.654463291168213;142.31544494628906;66.93896484375;148.831787109375;27.61113166809082;396.6033020019531;55.18720245361328;114.1994400024414;22.98824691772461;17.640268325805664;41.76428985595703;251.4084930419922;15.87366008758545;152.88778686523438;12.740198135375977;50.712181091308594;30.500808715820312;123.68863677978516;86.04302215576172;5.041092872619629;57.25196838378906;183.06173706054688;84.14891052246094;98.32845306396484;62.43885803222656;15.076828002929688;5.133547782897949;28.065813064575195;0.2727856338024139;23.37242889404297;49.92393112182617;36.7230224609375;51.951622009277344;1836.2088623046875;34.74064636230469;124.61993408203124;98.83936309814452;75.82148742675781;22.452125549316406;9.658757209777832;4.345224380493164;54.13494110107422;88.08021545410156;39.58155059814453;51.13161849975586
21.09.2023;15.59920597076416;12.885553359985352;60.145626068115234;10.21665096282959;31.35052299499512;7.7104716300964355;140.94635009765625;66.92037963867188;144.91619873046875;27.61113166809082;386.6398620605469;54.225189208984375;113.71348571777344;22.43208122253418;17.382474899291992;42.59221267700195;249.42498779296875;15.46935749053955;150.0228271484375;12.552051544189451;50.22456359863281;30.329910278320312;123.68863677978516;83.3482666015625;5.004025936126709;56.5333251953125;181.9152069091797;82.53657531738281;96.95873260498048;62.43885803222656;14.456016540527344;4.937983989715576;27.945358276367188;0.2807308435440063;23.568836212158203;48.939239501953125;37.38898468017578;51.951622009277344;1728.7606201171875;34.04030990600586;120.6594696044922;99.58392333984376;75.3619613647461;22.19558525085449;9.689666748046877;4.225269317626953;52.55231857299805;87.21786499023438;39.26552200317383;51.51319885253906
22.09.2023;15.709179878234863;12.567390441894531;59.44216537475586;10.057507514953612;31.14278030395508;7.729140281677246;140.89369201660156;66.13964080810547;144.09393310546875;27.019790649414062;385.333984375;53.46319580078125;114.1994400024414;22.98824691772461;17.308820724487305;40.01644515991211;250.91261291503903;15.527114868164062;149.19044494628906;12.56381130218506;49.71819305419922;29.988115310668945;125.52106475830078;84.01013946533203;5.02255916595459;54.13784790039063;179.6221466064453;81.03939819335938;96.19168090820312;62.43885803222656;14.988140106201172;4.937983989715576;27.33382225036621;0.2701371908187866;23.17602157592773;48.939239501953125;37.38898468017578;51.41786956787109;1754.5950927734375;34.53350067138672;119.08297729492188;99.39778137207033;76.281005859375;22.11957359313965;9.524823188781738;4.268238544464111;52.64541244506836;87.19004821777344;39.1585578918457;53.42109680175781
25.09.2023;15.515007019042969;13.124174118041992;59.26631164550781;10.015536308288574;30.52898979187012;7.654463291168213;140.64796447753906;65.80504608154297;144.03518676757812;26.746862411499023;378.7077941894531;53.55844497680664;113.22753143310548;22.98824691772461;17.25358009338379;40.8443717956543;243.4744873046875;15.25758171081543;150.39064025878906;12.466378211975098;49.14617919921875;30.04208374023437;127.35347747802734;82.92277526855469;5.18936014175415;54.85649108886719;178.38009643554688;81.59603881835938;95.4611587524414;61.5339469909668;14.677735328674316;4.889092922210693;27.26896095275879;0.2807308435440063;23.17602157592773;47.80683898925781;36.91329956054688;49.994537353515625;1695.6845703125;34.469390869140625;118.19860076904295;99.58392333984376;76.27182006835938;21.901037216186523;9.437250137329102;4.255705833435059;52.08684158325195;87.1622314453125;39.22662734985352;53.23030471801758
26.09.2023;15.453144073486328;13.20371437072754;57.85939407348633;10.003293991088867;30.340131759643555;7.635794162750244;139.6299285888672;65.0986557006836;144.13308715820312;26.33747291564941;374.8868408203125;53.6727409362793;113.22753143310548;22.98824691772461;17.382474899291992;39.372501373291016;244.9621124267578;15.276833534240724;148.00961303710938;12.384063720703123;49.23057556152344;29.86219024658203;129.18589782714844;82.87550354003906;5.13375997543335;54.85649108886719;177.71127319335938;81.40409851074219;95.02284240722656;63.16278839111328;14.54470443725586;4.937983989715576;26.9168643951416;0.2714614272117615;22.9796142578125;47.7083740234375;36.532752990722656;48.57120513916016;1670.4371337890625;33.92194366455078;118.79459381103516;99.02550506591795;76.27182006835938;22.12907600402832;9.437250137329102;4.167977809906006;51.94719696044922;85.50244140625;38.63832473754883;52.84872817993164
27.09.2023;15.33801555633545;13.124174118041992;57.85939407348633;10.054010391235352;30.54787254333496;7.617124080657959;139.08580017089844;65.99092864990234;146.32582092285156;26.246496200561523;374.0646362304688;53.55844497680664;111.76966094970705;22.9419002532959;17.658681869506836;41.3043327331543;240.9951171875;15.49823760986328;150.3325653076172;12.187518119812012;48.44288635253906;29.8082218170166;128.26968383789062;82.54457092285156;5.170826435089111;56.29377746582031;180.09986877441406;81.615234375;95.35157012939452;62.98180389404297;14.810766220092772;4.849980354309082;26.796409606933597;0.2688129842281341;22.7832088470459;48.643829345703125;35.77164840698242;47.68162155151367;1660.2598876953125;34.2079963684082;119.19833374023438;99.02550506591795;73.98339080810547;22.93670463562012;9.291296005249023;4.364918231964111;52.36612701416016;84.84408569335938;38.72098159790039;51.51319885253906
28.09.2023;15.602642059326172;12.328768730163574;57.85939407348633;10.18867015838623;30.434558868408203;7.617124080657959;140.36712646484375;66.36270904541016;146.6977996826172;26.428447723388672;377.5469970703125;54.16804122924805;113.71348571777344;23.127290725708008;17.41930389404297;38.72855758666992;241.4909820556641;15.729267120361328;151.47467041015625;12.085044860839844;48.24596405029297;29.72726821899414;128.26968383789062;82.97006225585938;5.13375997543335;55.81468200683594;182.29739379882807;82.05671691894531;96.08210754394533;63.70573806762695;14.810766220092772;4.849980354309082;26.889068603515625;0.2754340469837188;22.7832088470459;48.84076690673828;35.200828552246094;47.14787292480469;1682.963134765625;34.16360855102539;121.8322296142578;98.65322875976562;73.98339080810547;22.879695892333984;9.272408485412598;4.357757091522217;52.27303314208984;84.84408569335938;39.3870735168457;51.89478302001953
29.09.2023;15.638727188110352;13.044631958007812;57.33179473876953;10.223647117614746;30.16071510314941;7.67313289642334;140.2793731689453;66.69731140136719;145.5035400390625;26.33747291564941;380.3522338867188;54.17756652832031;113.71348571777344;22.80286026000977;17.58502769470215;39.55648422241211;253.88784790039065;16.03730583190918;151.93923950195312;12.204316139221191;49.00551986694336;29.8082218170166;128.26968383789062;83.82103729248047;5.13375997543335;55.57513427734375;187.17010498046875;83.78421783447266;95.89946746826172;63.16278839111328;14.899453163146973;4.849980354309082;26.935396194458008;0.2780824303627014;23.37242889404297;48.84076690673828;35.9619255065918;48.03745269775391;1692.7489013671875;34.81462478637695;122.06293487548828;98.65322875976562;73.61576843261719;22.395116806030277;9.32392120361328;4.379241466522217;52.55231857299805;85.77134704589844;39.85382080078125;51.51319885253906
02.10.2023;15.55452823638916;12.885553359985352;57.85939407348633;10.087238311767578;29.934083938598636;7.654463291168213;138.0326385498047;65.65632629394531;143.19332885742188;26.155521392822266;380.8359375;52.11066436767578;113.22753143310548;22.617469787597656;17.529787063598633;39.55648422241211;257.8548583984375;16.008426666259766;149.8098907470703;11.99265193939209;48.358489990234375;29.484413146972656;127.35347747802734;84.15196990966797;5.13375997543335;56.29377746582031;182.58401489257807;83.72663879394531;94.71237182617188;59.90510559082031;14.855109214782717;4.986874580383301;27.009521484375;0.2794066369533539;23.37242889404297;48.939239501953125;35.105690002441406;48.39329147338867;1688.83447265625;35.21904754638672;120.69792175292967;98.83936309814452;73.61576843261719;21.8630313873291;9.354829788208008;4.253915309906006;51.295528411865234;84.85336303710938;39.91703414916992;51.51319885253906
03.10.2023;15.300211906433104;12.567390441894531;57.33179473876953;9.961322784423828;29.17864990234375;7.635794162750244;137.04971313476562;65.0986557006836;141.74456787109375;25.564178466796875;379.04638671875;51.5486946105957;113.71348571777344;22.43208122253418;17.1799259185791;39.372501373291016;255.871337890625;15.71963882446289;149.69375610351562;11.760828971862791;48.65856170654297;28.82780647277832;126.4372787475586;82.68639373779297;5.152293205261231;54.85649108886719;176.08705139160156;83.66905212402344;92.37470245361328;60.44805908203125;14.456016540527344;4.849980354309082;26.490642547607425;0.2741098403930664;23.37242889404297;48.24995422363281;34.53486251831055;47.50370788574219;1669.067138671875;34.711055755615234;119.50593566894533;98.65322875976562;73.52386474609375;21.920042037963867;9.258671760559082;4.137541770935059;50.45767211914063;84.85336303710938;39.24121475219727;51.51319885253906
04.10.2023;15.228042602539062;12.408310890197754;57.68352890014648;9.928094863891602;29.09366226196289;7.654463291168213;137.41830444335938;66.00951385498047;140.7265167236328;25.51869010925293;379.2398071289063;51.53916931152344;113.71348571777344;22.061302185058597;17.216754913330078;39.372501373291016;255.3754730224609;15.84477996826172;148.88072204589844;11.78266716003418;48.39599990844727;28.836801528930664;125.52106475830078;83.67919921875;5.13375997543335;55.57513427734375;177.90237426757812;82.30624389648438;93.05043029785156;60.81001663208008;14.722079277038574;4.634860038757324;26.407251358032227;0.2767582535743713;22.7832088470459;47.757606506347656;34.249454498291016;49.46078872680664;1693.923095703125;34.750511169433594;118.7561492919922;98.65322875976562;72.69671630859375;21.511474609375;9.437250137329102;4.008635520935059;50.31803131103516;84.85336303710938;40.06289291381836;49.414512634277344
05.10.2023;15.324268341064451;12.408310890197754;57.85939407348633;9.98580551147461;29.51859664916992;7.654463291168213;137.47096252441406;65.87938690185547;140.1979217529297;25.65515518188477;378.5626831054688;50.97719955444336;115.65730285644533;22.756511688232425;17.271995544433594;40.01644515991211;255.3754730224609;15.84477996826172;149.19044494628906;11.87674045562744;48.67731857299805;28.64791488647461;127.35347747802734;83.96286010742188;5.22642707824707;54.61693954467773;176.75584411621094;82.30624389648438;92.75821685791016;60.99100112915039;14.722079277038574;4.752198696136475;26.620363235473636;0.2767582535743713;22.586801528930664;47.1175537109375;34.439727783203125;49.81661987304688;1694.7060546875;34.76530838012695;118.7369155883789;98.65322875976562;72.7059097290039;21.444963455200195;9.43381690979004;3.976408243179321;50.783504486083984;85.77134704589844;39.85382080078125;49.60530471801758
06.10.2023;15.456581115722656;12.806012153625488;57.85939407348633;10.21140480041504;29.97185516357422;7.635794162750244;138.52410888671875;66.79025268554688;141.72499084472656;26.33747291564941;381.319580078125;51.8820686340332;111.76966094970705;23.080942153930664;17.43771743774414;39.28050994873047;258.8465881347656;15.921792030334473;150.58421325683594;11.870020866394045;48.11468505859375;29.331506729125977;126.4372787475586;84.76656341552734;5.4673614501953125;57.7310676574707;179.90879821777344;82.84368133544922;93.43395233154295;62.80082321166992;14.677735328674316;4.771754741668701;27.03731918334961;0.2754340469837188;22.586801528930664;47.21602630615234;34.53486251831055;49.81661987304688;1718.7791748046875;35.835540771484375;119.4674835205078;98.83936309814452;72.14529418945312;21.787019729614254;9.43038272857666;3.972827672958374;51.342079162597656;85.3077163696289;40.89429473876953;49.60530471801758
09.10.2023;15.466893196105955;13.124174118041992;57.68352890014648;10.020782470703123;29.112550735473636;7.579785346984863;138.9278106689453;66.47423553466797;142.78219604492188;26.201007843017575;374.4031677246094;51.491546630859375;106.9101104736328;23.080942153930664;17.43771743774414;38.63656997680664;254.8795928955078;15.661883354187012;147.6999053955078;11.99265193939209;49.42749786376953;29.22357177734375;128.26968383789062;83.06461334228516;5.4673614501953125;58.92880630493164;177.1380157470703;82.19107055664062;93.34263610839844;61.5339469909668;14.677735328674316;4.4784088134765625;27.0002555847168;0.2754340469837188;23.17602157592773;46.03439331054688;34.34458541870117;49.28287124633789;1690.791748046875;35.332481384277344;118.31395721435548;98.83936309814452;73.06433868408203;22.034059524536133;9.442402839660645;4.1536545753479;51.06278991699219;83.92610168457031;40.4372673034668;48.460567474365234
10.10.2023;15.918817520141602;12.408310890197754;56.80420303344727;10.167684555053713;29.79244041442871;7.542446613311768;141.9468536376953;67.55239868164062;147.2263946533203;26.655885696411133;384.7535705566406;52.52023315429688;104.96629333496094;23.266332626342773;17.69550895690918;38.63656997680664;261.32598876953125;16.41272735595703;151.66824340820312;12.237914085388184;50.74969100952149;29.54737663269043;129.18589782714844;85.00294494628906;5.504428386688232;57.97061538696289;180.6731414794922;83.47711181640625;95.07763671875;61.71492767333984;14.677735328674316;4.576190948486328;27.398681640625;0.2754340469837188;23.17602157592773;47.609901428222656;34.72513961791992;48.57120513916016;1739.52490234375;36.289283752441406;120.7363739013672;99.02550506591795;71.6857681274414;22.404619216918945;9.445837020874023;4.302255630493164;52.41267395019531;83.45320129394531;41.4923210144043;49.22372055053711
11.10.2023;16.26420783996582;12.408310890197754;56.80420303344727;10.21140480041504;30.396785736083984;7.7478108406066895;143.31593322753906;68.16583251953125;148.85137939453125;26.655885696411133;383.8346252441406;52.42498397827149;105.93820190429688;23.080942153930664;17.769163131713867;38.26860046386719;264.3012084960937;16.460859298706055;152.2102508544922;12.373984336853027;51.24668502807617;29.133623123168945;130.10211181640625;84.48290252685547;5.37469482421875;58.68925857543945;180.9597625732422;84.07213592529297;96.3377914428711;60.99100112915039;14.677735328674316;4.595746994018555;27.315290451049805;0.2701371908187866;23.37242889404297;47.21602630615234;34.72513961791992;49.10495376586914;1713.4947509765625;36.54573822021485;121.42849731445312;99.77005767822266;73.52386474609375;21.19792366027832;9.452704429626465;4.236011981964111;52.45922088623047;83.17501831054688;41.21032333374024;49.032936096191406
12.10.2023;16.259052276611328;12.567390441894531;56.45247268676758;10.20965576171875;29.886869430541992;7.7104716300964355;143.56167602539062;71.34455871582031;148.9492645263672;26.79235076904297;380.3522338867188;51.910640716552734;102.53651428222656;22.98824691772461;17.732336044311523;37.624656677246094;264.7970886230469;16.41272735595703;151.28109741210938;12.330307960510254;50.81533050537109;28.84579467773437;131.93453979492188;84.67201232910156;5.115226268768311;58.68925857543945;180.9597625732422;84.6287841796875;95.6803207397461;60.08609008789063;14.722079277038574;4.595746994018555;27.472806930541992;0.2873518168926239;23.37242889404297;45.09893798828125;34.6300048828125;49.10495376586914;1688.83447265625;36.43723678588867;120.8901824951172;98.83936309814452;71.31814575195312;21.634994506835938;9.394322395324709;4.271819114685059;52.5988655090332;82.98957061767578;41.2638053894043;49.032936096191406
13.10.2023;16.16969871520996;12.328768730163574;57.15593338012695;9.968317031860352;29.206979751586918;7.69180154800415;141.61334228515625;70.02473449707031;145.9342498779297;26.564910888671875;372.0816040039063;50.68192672729492;98.16292572021484;22.38573265075684;17.548198699951172;38.084617614746094;256.36724853515625;16.0758113861084;148.20318603515625;12.410941123962402;50.63716506958008;28.962726593017575;136.51559448242188;83.1591567993164;5.004025936126709;57.49151611328125;178.4756317138672;82.17188262939453;93.98184204101562;58.8192138671875;15.165514945983888;4.654417037963867;26.898334503173828;0.2913244366645813;23.568836212158203;44.50812149047852;35.105690002441406;48.92703628540039;1669.262939453125;35.42125701904297;117.2373275756836;98.83936309814452;73.06433868408203;21.64449691772461;9.478461265563965;4.311207294464111;50.92314910888672;82.06230926513672;40.02399826049805;48.6513557434082
16.10.2023;16.058006286621094;12.249228477478027;56.45247268676758;10.08898639678955;29.461936950683597;7.69180154800415;140.94635009765625;69.83885192871094;147.28515625;26.655885696411133;374.1130065917969;51.09149932861328;94.66404724121094;22.895553588867188;17.41930389404297;36.88872146606445;258.3507385253906;16.10468864440918;147.27403259277344;12.437819480895996;50.75906753540039;28.91775321960449;133.7669677734375;83.58464813232422;5.4673614501953125;56.5333251953125;177.9979248046875;82.17188262939453;93.4887466430664;58.63823699951172;15.298544883728027;4.576190948486328;27.1948356628418;0.2992696762084961;23.37242889404297;44.311180114746094;35.3911018371582;48.21537399291992;1667.3057861328125;35.34727478027344;118.17938232421876;96.7918472290039;71.22624206542969;21.12191200256348;9.387454986572266;4.329111099243164;51.20243835449219;81.59868621826172;40.13095474243164;50.94083404541016
17.10.2023;16.22296714782715;12.408310890197754;57.15593338012695;10.09073543548584;29.58469581604004;7.617124080657959;139.84054565429688;70.00614929199219;148.7534942626953;26.837839126586918;374.7417602539063;50.83432769775391;95.63595581054688;22.98824691772461;17.474544525146484;37.07270812988281;258.3507385253906;15.998802185058594;147.02236938476562;12.50837516784668;51.04975891113281;28.998706817626957;133.7669677734375;83.11188507080078;5.13375997543335;56.29377746582031;175.70486450195312;82.13349151611328;93.83575439453124;58.8192138671875;15.475921630859377;4.4784088134765625;27.03731918334961;0.2886760234832763;23.17602157592773;43.91730499267578;35.9619255065918;48.749122619628906;1652.8228759765625;34.92313003540039;122.37054443359376;96.7918472290039;70.7667236328125;21.37845230102539;9.394322395324709;4.556488037109375;50.83005142211914;81.77486419677734;39.53293991088867;50.94083404541016
18.10.2023;16.13361358642578;13.044631958007812;57.15593338012695;10.006792068481444;29.09366226196289;7.7478108406066895;138.06776428222656;69.57860565185547;146.44329833984375;26.473936080932617;370.582275390625;48.79600143432617;100.10674285888672;23.034595489501957;17.400890350341797;37.71664810180664;258.3507385253906;15.652256965637209;142.37649536132812;12.36390495300293;51.18104553222656;28.450031280517575;134.6831817626953;83.06461334228516;5.152293205261231;54.61693954467773;173.69845581054688;80.5979232788086;92.06421661376952;58.8192138671875;16.00804328918457;4.321958065032959;26.65742492675781;0.2886760234832763;23.37242889404297;43.32648849487305;35.58137893676758;48.749122619628906;1649.886962890625;34.824493408203125;119.89044952392578;96.7918472290039;70.77590942382812;21.48297119140625;9.447552680969238;4.610198974609375;49.89909744262695;81.58013916015625;38.75501251220703;49.98688507080078
19.10.2023;15.55280876159668;12.726470947265623;56.276611328125;9.94908046722412;28.51764488220215;7.7104716300964355;137.822021484375;69.24400329589844;145.3273468017578;26.51942253112793;373.58099365234375;47.85304260253906;100.59269714355467;23.17363739013672;17.364063262939453;40.29241943359375;256.36724853515625;15.459731101989746;141.0601806640625;12.493255615234377;50.712181091308594;28.306116104125977;132.8507537841797;83.63191986083984;5.282027244567871;56.054229736328125;170.06777954101562;79.7725601196289;91.86333465576172;57.91430282592773;15.919357299804688;4.321958065032959;26.360923767089844;0.3007042109966278;23.37242889404297;43.47419357299805;35.29595947265625;47.85953903198242;1644.0155029296875;34.370750427246094;119.10220336914062;96.23343658447266;70.7667236328125;18.52799415588379;9.363415718078612;4.637054443359375;49.15433883666992;80.76415252685547;37.86040115356445;48.460567474365234
20.10.2023;15.164461135864258;12.726470947265623;55.04555892944336;9.81092357635498;27.875526428222656;7.729140281677246;133.9429168701172;66.80884552001953;141.88162231445312;25.65515518188477;367.8253784179688;47.395843505859375;100.59269714355467;24.054237365722656;17.216754913330078;37.07270812988281;251.4084930419922;15.2287015914917;136.8982391357422;12.337027549743652;50.730934143066406;28.036277770996094;131.93453979492188;82.63912963867188;5.078159809112549;57.25196838378906;164.14407348632812;77.60357666015625;90.96843719482422;56.64742660522461;15.919357299804688;4.556634902954102;25.740121841430664;0.2921126782894134;23.37242889404297;42.24332809448242;34.820274353027344;47.32579040527344;1618.76806640625;33.49779510498047;116.56443786621094;96.41957092285156;70.77590942382812;19.478145599365234;9.303316116333008;4.628102779388428;47.71135711669922;81.67286682128906;36.698387145996094;48.6513557434082
23.10.2023;15.484074592590332;13.044631958007812;54.51797103881836;9.89486598968506;28.11159896850586;7.7478108406066895;134.2062225341797;68.03571319580078;143.56532287597656;25.70064163208008;374.2097473144531;47.78636169433594;103.02247619628906;24.285972595214844;17.327234268188477;37.07270812988281;251.4084930419922;15.353843688964844;137.3628387451172;12.180798530578612;50.54338836669922;28.27913475036621;135.59939575195312;83.1591567993164;5.18936014175415;57.49151611328125;165.2906036376953;78.121826171875;91.22412109375;56.28546524047852;15.4315767288208;4.497965335845947;25.80497932434082;0.3007042109966278;23.568836212158203;42.29256057739258;34.91541290283203;47.50370788574219;1645.1898193359375;33.60136795043945;117.75641632080078;94.74433135986328;69.3973388671875;19.345125198364254;9.241500854492188;4.659433841705322;47.85100173950195;80.76415252685547;36.77131271362305;48.6513557434082
24.10.2023;15.224603652954102;13.044631958007812;54.166236877441406;9.795183181762695;28.536529541015625;7.729140281677246;134.99607849121094;67.4780502319336;145.4839630126953;26.06454467773437;381.2228393554688;47.68159103393555;101.07865142822266;24.42501449584961;17.511371612548828;36.33677291870117;279.67333984375;15.238327980041504;134.943115234375;12.375664710998535;50.88096618652344;28.36008644104004;138.3480224609375;84.48290252685547;5.282027244567871;57.97061538696289;166.2460479736328;77.3924331665039;92.30164337158205;57.009395599365234;15.475921630859377;4.497965335845947;25.554805755615234;0.3092958033084869;23.37242889404297;42.194091796875;34.34458541870117;46.6141242980957;1690.9874267578125;34.50391387939453;120.31342315673828;94.74433135986328;69.38814544677734;19.098085403442383;9.305033683776855;4.762380599975586;47.8044548034668;81.68213653564453;36.39694595336914;49.22372055053711
25.10.2023;15.28302764892578;12.328768730163574;53.11105346679688;9.847648620605469;28.41377258300781;7.467769145965576;137.55873107910156;67.62676239013672;145.34690856933594;25.746129989624023;386.1562194824219;47.53395080566406;97.67696380615234;24.6567497253418;17.382474899291992;36.61274719238281;270.7475891113281;15.122814178466797;135.48513793945312;12.476457595825195;51.45298385620117;28.126224517822266;142.01287841796875;81.97724914550781;5.33762788772583;57.7310676574707;166.2460479736328;77.75712585449219;92.00942993164062;56.46644973754883;15.475921630859377;4.204619884490967;25.276836395263672;0.3110140860080719;23.37242889404297;40.91399002075195;34.53486251831055;46.6141242980957;1738.3507080078125;37.25594329833984;120.19805908203124;94.55818939208984;68.56100463867188;19.37363052368164;9.33937644958496;4.717620849609375;47.71135711669922;80.67142486572266;36.1003532409668;50.55925369262695
26.10.2023;15.17648983001709;12.885553359985352;53.11105346679688;9.800430297851562;28.291013717651367;7.486438751220703;139.17355346679688;66.6601333618164;144.62254333496094;25.88259506225586;380.3038635253906;47.538719177246094;98.6488800048828;24.47136116027832;17.364063262939453;38.26860046386719;267.2764587402344;14.911036491394045;135.5238494873047;12.511734008789062;52.700157165527344;28.23415946960449;141.09666442871094;82.35546112060547;5.33762788772583;57.7310676574707;165.481689453125;77.1045150756836;91.75374603271484;56.10448455810547;15.475921630859377;4.380627632141113;25.647464752197266;0.3075774908065796;23.37242889404297;41.80021286010742;34.05917739868164;45.36870574951172;1701.5560302734375;37.48281097412109;121.5438461303711;94.55818939208984;68.00957489013672;19.23110580444336;9.384021759033203;4.762380599975586;47.8044548034668;80.20780181884766;37.87985610961914;49.414512634277344
27.10.2023;14.884369850158691;14.07866096496582;53.11105346679688;9.767202377319336;28.168256759643555;7.449099540710449;140.6304168701172;67.27356719970703;143.56532287597656;25.837106704711918;377.788818359375;48.99602508544922;104.48033905029295;24.47136116027832;18.41364097595215;38.17660903930664;267.7723388671875;14.824399948120115;138.4662322998047;12.533573150634766;51.73429870605469;28.35109138488769;142.01287841796875;87.88679504394531;5.282027244567871;57.7310676574707;152.10556030273438;77.94908142089844;93.1417465209961;56.64742660522461;15.520263671875;4.321958065032959;25.71232414245605;0.3092958033084869;23.17602157592773;40.81552505493164;34.439727783203125;44.65704345703125;1711.342041015625;37.34471893310547;120.12115478515624;94.3720474243164;68.10147094726562;19.19310188293457;9.452704429626465;4.842946529388428;48.50267028808594;81.13505554199219;36.50391006469727;49.414512634277344
30.10.2023;14.645519256591797;13.760496139526367;54.51797103881836;9.823164939880373;28.56485939025879;7.43043041229248;140.22669982910156;66.79025268554688;144.9749298095703;26.33747291564941;379.2398071289063;48.862674713134766;98.6488800048828;24.42501449584961;18.082195281982425;38.63656997680664;268.7640991210937;14.766642570495604;138.2532958984375;12.587329864501951;52.231292724609375;28.60293960571289;145.67771911621094;86.6576156616211;5.18936014175415;58.68925857543945;156.69166564941406;78.25618743896484;94.12796020507812;56.10448455810547;15.4315767288208;4.06772518157959;25.943965911865234;0.2989858984947204;22.9796142578125;40.37240982055664;34.53486251831055;45.36870574951172;1714.86474609375;38.188079833984375;121.31314086914062;94.9304656982422;68.46910095214844;19.744190216064453;9.495634078979492;4.919037342071533;48.68885803222656;80.79196166992188;34.29169845581055;49.414512634277344
31.10.2023;15.128376007080078;13.919577598571776;54.34210205078125;9.94908046722412;28.394886016845703;7.411760330200195;141.89418029785156;66.6601333618164;143.917724609375;26.38296127319336;383.2058410644531;48.95792388916016;99.62078857421876;24.61040306091309;18.15584945678711;38.45258331298828;268.7640991210937;14.891783714294434;140.3245849609375;12.60244846343994;52.65327072143555;29.871183395385746;147.51014709472656;88.0759048461914;5.263493537902832;59.407901763916016;161.75547790527344;78.1986083984375;95.4063720703125;56.10448455810547;15.520263671875;4.126394271850586;25.96249771118164;0.3058591783046722;22.9796142578125;42.29256057739258;35.200828552246094;45.72454452514648;1721.91064453125;38.286720275878906;121.3900375366211;94.55818939208984;70.27962493896484;19.62067031860352;9.538559913635254;5.026459217071533;49.48017501831055;80.97742462158203;34.986961364746094;49.414512634277344
01.11.2023;15.406747817993164;13.680956840515137;54.51797103881836;9.984057426452637;28.508201599121094;7.43043041229248;142.92979431152344;66.45565795898438;146.61949157714844;26.746862411499023;384.028076171875;49.06269454956055;100.10674285888672;24.98118019104004;18.284746170043945;38.45258331298828;267.7723388671875;14.939915657043455;140.55686950683594;12.8964262008667;53.6097526550293;29.72726821899414;148.42636108398438;89.02143859863281;5.041092872619629;61.32428741455078;162.99755859375;78.60169219970703;96.2099380493164;56.28546524047852;15.520263671875;4.087281703948975;25.86984062194824;0.3058591783046722;22.7832088470459;41.30786895751953;34.820274353027344;45.72454452514648;1735.8065185546875;38.469200134277344;122.98576354980467;94.74433135986328;70.27962493896484;19.51615333557129;9.603811264038086;5.115977764129639;49.9921989440918;80.97742462158203;35.13768005371094;49.414512634277344
02.11.2023;15.76244831085205;13.919577598571776;55.39728927612305;10.102977752685549;28.989791870117188;7.43043041229248;144.8079071044922;66.92037963867188;148.65560913085938;26.70137596130371;390.0738525390625;50.72955322265625;106.9101104736328;24.47136116027832;18.781911849975582;38.26860046386719;273.2269592285156;15.276833534240724;144.68006896972656;12.73011875152588;53.553489685058594;29.907161712646484;152.09121704101562;91.1961441040039;5.18936014175415;61.32428741455078;167.58363342285156;79.88772583007812;96.95873260498048;57.371360778808594;15.697638511657717;4.224176406860352;26.212671279907227;0.2972675859928131;22.7832088470459;42.98184585571289;35.105690002441406;47.68162155151367;1780.2337646484375;38.51852035522461;124.06239318847656;94.1859130859375;71.2078628540039;20.84636878967285;9.61583137512207;5.26815938949585;51.38862609863281;81.77486419677734;36.67893981933594;49.98688507080078
03.11.2023;16.064878463745117;14.07866096496582;55.749019622802734;10.21665096282959;28.045499801635746;7.467769145965576;143.21063232421875;66.67871856689453;146.89356994628906;26.564910888671875;390.5091857910156;51.69157028198242;101.56460571289062;25.908126831054688;18.82794761657715;36.79673385620117;275.70635986328125;15.49823760986328;145.86090087890625;12.728438377380373;53.49722671508789;30.168006896972656;154.83984375;92.47261810302734;5.18936014175415;63.24066925048828;169.6856231689453;80.13725280761719;97.14136505126952;59.90510559082031;15.741981506347656;4.204619884490967;26.166343688964844;0.3041408360004425;22.7832088470459;43.47419357299805;34.72513961791992;47.68162155151367;1775.7325439453125;38.90321350097656;124.06239318847656;98.09481811523438;70.5829086303711;20.38079261779785;9.56775188446045;5.160737037658691;51.90065002441406;81.78413391113281;37.35961532592773;51.13161849975586
06.11.2023;15.753857612609863;14.317280769348145;56.276611328125;10.20790672302246;27.922739028930664;7.542446613311768;143.43881225585938;67.4036865234375;146.8348388671875;26.246496200561523;389.9771118164063;50.79623031616211;105.93820190429688;25.16656875610352;18.266332626342773;37.16470336914063;271.24346923828125;15.623377799987791;144.44778442382812;12.716680526733398;53.3003044128418;30.069067001342773;154.83984375;91.57435607910156;5.170826435089111;63.00112533569336;166.9148406982422;79.58061218261719;96.3377914428711;60.62903594970703;15.786325454711914;4.145950794219971;26.14781188964844;0.3058591783046722;22.7832088470459;43.12954711914063;34.439727783203125;47.85953903198242;1773.5797119140625;39.37667846679688;123.44717407226562;98.28095245361328;70.59210205078125;20.71334457397461;9.52997589111328;5.174164772033691;51.481719970703125;81.37614440917969;37.0435905456543;49.60530471801758
07.11.2023;15.542498588562012;14.317280769348145;55.92488098144531;10.132707595825195;28.036056518554688;7.654463291168213;142.70159912109375;66.92037963867188;147.03062438964844;26.01905632019043;392.2019958496094;50.5200080871582;102.0505599975586;25.398303985595703;18.008541107177734;37.71664810180664;269.755859375;15.546366691589355;144.6219940185547;12.852749824523926;53.30967712402344;30.114038467407227;156.67225646972656;91.1961441040039;5.004025936126709;63.48021697998047;167.4881134033203;79.98369598388672;96.06382751464844;60.62903594970703;15.963700294494627;4.18506383895874;25.89763832092285;0.3041408360004425;22.7832088470459;42.83414077758789;34.34458541870117;47.85953903198242;1775.7325439453125;39.44573211669922;124.19696807861328;96.41957092285156;70.5829086303711;20.428300857543945;9.421795845031738;4.990652084350586;51.10934066772461;81.13505554199219;37.233211517333984;49.414512634277344
08.11.2023;15.740108489990234;14.158198356628418;55.04555892944336;10.248129844665527;28.291013717651367;7.59845495223999;143.42124938964844;66.64154052734375;149.1646270751953;27.429180145263672;401.875244140625;50.60573196411133;106.42415618896484;25.444652557373047;18.13743782043457;37.34868240356445;275.21044921875;15.796648979187012;146.05447387695312;12.713319778442385;53.365943908691406;30.30292510986328;153.92364501953125;92.28350830078124;5.041092872619629;63.48021697998047;169.6856231689453;78.92799377441406;96.48388671875;60.99100112915039;15.963700294494627;4.224176406860352;26.25899887084961;0.3007042109966278;22.9796142578125;43.17877960205078;34.439727783203125;47.85953903198242;1811.352783203125;39.499977111816406;125.33128356933594;97.35025787353516;70.30718994140625;20.162256240844727;9.416646003723145;5.120453357696533;51.481719970703125;81.13505554199219;37.24292755126953;49.60530471801758
09.11.2023;15.582021713256836;14.476362228393556;54.69383239746094;10.248129844665527;28.498760223388672;7.579785346984863;145.7908477783203;67.19921112060547;150.26100158691406;28.111499786376957;405.3092041015625;51.90111923217773;105.4522476196289;25.351957321166992;18.2295036315918;37.99262237548828;275.21044921875;16.027679443359375;158.11439514160156;12.856109619140623;53.80667495727539;30.50979995727539;157.58847045898438;93.22903442382812;5.18936014175415;62.76157379150391;171.3098602294922;81.38490295410156;97.30573272705078;61.89591217041016;15.875012397766112;4.439296722412109;26.472110748291016;0.3041408360004425;22.9796142578125;45.39434051513672;34.91541290283203;46.79203796386719;1834.4473876953125;40.12633514404297;122.90885925292967;97.90867614746094;70.30718994140625;20.64683532714844;9.468158721923828;5.339774131774902;51.993743896484375;82.06230926513672;37.49575424194336;49.414512634277344
10.11.2023;15.456581115722656;14.237740516662598;55.57315444946289;10.239386558532717;28.291013717651367;7.67313289642334;146.21209716796875;65.39608001708984;149.849853515625;28.79381561279297;400.7144470214844;51.65346908569336;105.93820190429688;24.2396240234375;18.284746170043945;38.26860046386719;270.7475891113281;15.748519897460938;155.63658142089844;12.849390029907228;53.79729461669922;30.554777145385746;160.3371124267578;93.13448333740234;5.393228054046631;63.00112533569336;169.20790100097656;80.23322296142578;97.30573272705078;61.89591217041016;16.052387237548828;4.4784088134765625;26.38871955871582;0.3024225234985351;22.7832088470459;45.6405143737793;36.15219879150391;47.50370788574219;1805.8726806640625;39.93892288208008;123.50485229492188;98.46709442138672;70.03147888183594;20.69434356689453;9.488764762878418;5.460623741149902;52.45922088623047;79.74417114257812;37.54923248291016;49.414512634277344
13.11.2023;15.741827964782717;14.635441780090332;56.276611328125;10.267367362976074;28.6876163482666;7.67313289642334;147.1423797607422;64.85699462890625;151.82723999023438;28.93027877807617;401.1013488769531;51.8820686340332;105.93820190429688;24.2396240234375;18.505708694458008;39.46449661254883;268.2682189941406;15.902539253234863;155.57850646972656;12.869547843933104;54.41619110107422;30.869590759277344;164.00196838378906;93.46541595458984;5.485895156860352;64.19886016845703;170.06777954101562;80.1180648803711;97.798828125;61.5339469909668;16.141075134277344;4.849980354309082;26.583301544189453;0.3007042109966278;22.586801528930664;45.19740676879883;36.4376106262207;47.14787292480469;1818.202880859375;40.13126754760742;125.19670104980467;97.16412353515624;70.31639099121094;20.61833000183105;9.524823188781738;5.724703311920166;52.5988655090332;80.67142486572266;37.60271835327149;50.55925369262695
14.11.2023;16.049413681030273;14.476362228393556;56.80420303344727;10.305841445922852;29.01811981201172;7.654463291168213;148.3184051513672;66.69731140136719;153.82418823242188;29.47613525390625;410.7262573242188;53.57749557495117;108.85393524169922;24.56405639648437;18.87398147583008;40.688926696777344;275.70635986328125;16.200952529907227;158.71446228027344;12.8964262008667;54.500587463378906;31.166414260864254;176.8289337158203;95.40374755859376;5.597095966339111;64.19886016845703;174.55833435058594;82.36382293701172;99.24667358398438;61.71492767333984;16.1854190826416;4.869536399841309;27.231897354125977;0.3007042109966278;22.7832088470459;46.72367858886719;36.532752990722656;47.14787292480469;1869.48046875;41.08806610107422;126.54249572753906;97.7225341796875;70.85862731933594;20.24777030944824;9.399474143981934;5.796318054199219;54.27457809448242;81.59868621826172;39.03700637817383;51.13161849975586
15.11.2023;16.21953010559082;14.317280769348145;57.15593338012695;10.223647117614746;29.44305229187012;7.69180154800415;147.45831298828125;66.41847229003906;154.37237548828125;29.33967018127441;410.0491333007813;54.98717880249024;111.76966094970705;25.398303985595703;18.82794761657715;40.688926696777344;273.2269592285156;16.335718154907227;159.17906188964844;12.866189002990724;53.94733428955078;31.36429214477539;174.08029174804688;95.6874008178711;5.597095966339111;65.15705108642578;176.75584411621094;83.05482482910156;100.5561981201172;61.89591217041016;16.318449020385742;5.231329441070557;27.398681640625;0.2972675859928131;21.21195411682129;46.72367858886719;35.9619255065918;47.32579040527344;1889.6392822265625;41.3642578125;126.1195297241211;97.16412353515624;70.7667236328125;20.07674217224121;9.370284080505373;5.760510444641113;54.22803497314453;80.67142486572266;41.10822677612305;51.7039909362793
16.11.2023;15.894761085510254;14.158198356628418;56.80420303344727;10.192168235778809;29.301408767700195;7.69180154800415;148.2306365966797;67.03191375732422;155.6645050048828;29.703575134277344;407.243896484375;54.6252326965332;114.68539428710938;25.25926399230957;18.689844131469727;40.688926696777344;275.21044921875;16.200952529907227;158.79190063476562;13.03417682647705;53.8254280090332;31.15741539001465;177.74514770507812;94.64732360839844;5.541495323181152;66.35479736328125;175.22714233398438;83.40032958984375;99.92910766601562;61.89591217041016;16.58451271057129;5.084656715393066;27.1021785736084;0.2972675859928131;23.17602157592773;46.62520980834961;35.9619255065918;47.50370788574219;1881.8106689453125;41.08806610107422;126.36946105957033;97.16412353515624;70.95053100585938;19.36412811279297;9.432100296020508;5.639660835266113;53.90219879150391;78.72418212890625;40.64147186279297;53.80268096923828
17.11.2023;15.860393524169922;14.158198356628418;56.10074996948242;10.288352966308594;29.622468948364254;7.729140281677246;149.42420959472656;68.68633270263672;157.17201232910156;30.11296272277832;410.0975036621094;55.596771240234375;114.68539428710938;25.16656875610352;18.73587989807129;40.688926696777344;273.72283935546875;16.778526306152344;160.68896484375;13.10305118560791;53.95671081542969;31.32831573486328;174.08029174804688;95.7819595336914;5.522962093353272;66.83389282226562;180.09986877441406;84.03374481201172;100.86973571777344;62.25787734985352;16.761884689331055;4.986874580383301;27.472806930541992;0.3007042109966278;22.9796142578125;47.21602630615234;36.15219879150391;47.50370788574219;1883.3763427734373;41.47769165039063;127.13846588134766;96.605712890625;71.04243469238281;20.000730514526367;9.509369850158691;5.894788265228272;54.97279357910156;76.02586364746094;40.767879486083984;53.80268096923828
20.11.2023;16.229839324951172;14.237740516662598;56.62834167480469;10.32158088684082;30.04739761352539;7.69180154800415;149.5997314453125;69.80167388916016;157.30906677246094;29.430644989013672;407.9693908691406;55.05385208129883;115.65730285644533;24.93483161926269;18.17426300048828;40.97148895263672;273.2269592285156;16.778526306152344;158.0563201904297;13.109770774841309;53.85355758666992;31.04048538208008;167.66680908203125;96.72748565673828;5.33762788772583;67.07344055175781;178.5711669921875;83.80342102050781;100.48241424560548;62.61983871459961;16.761884689331055;5.182438850402832;27.546932220458984;0.3007042109966278;24.55087280273437;46.62520980834961;35.9619255065918;48.39329147338867;1900.0120849609373;41.96595001220703;127.88827514648438;96.9779815673828;72.60481262207031;20.304780960083008;9.468158721923828;5.908215999603272;54.926246643066406;74.18062591552734;41.0352897644043;52.65793991088867
21.11.2023;15.92225456237793;14.714982986450195;56.276611328125;10.270865440368652;30.15127182006836;7.69180154800415;150.58265686035156;69.22541046142578;157.56358337402344;29.33967018127441;411.741943359375;55.07290267944336;115.17134857177734;25.25926399230957;17.990127563476562;40.5947380065918;275.21044921875;16.807403564453125;158.61769104003906;13.049296379089355;54.56623077392578;31.076465606689453;162.16954040527344;96.91659545898438;5.319093704223633;66.5943374633789;180.09986877441406;84.05294799804688;100.51930236816406;62.80082321166992;16.71754264831543;5.182438850402832;27.315290451049805;0.3007042109966278;24.55087280273437;46.13286209106445;35.9619255065918;48.57120513916016;1908.427978515625;41.882110595703125;128.58038330078125;97.35025787353516;75.82148742675781;19.42113876342773;9.481895446777344;5.881360530853272;55.065895080566406;75.97949981689453;40.26709365844727;51.51319885253906
22.11.2023;15.942874908447266;15.494011878967283;56.80420303344727;10.256874084472656;30.472332000732425;7.729140281677246;151.6884765625;69.57860565185547;157.5048370361328;29.157718658447266;415.6112365722656;55.48247146606445;109.3398895263672;25.30561065673828;18.04536819458008;40.5947380065918;281.6568603515625;16.894041061401367;159.93402099609375;13.091293334960938;54.90381240844727;31.202390670776367;142.92909240722656;96.72748565673828;5.448828220367432;67.07344055175781;181.1508636474609;84.59039306640625;101.18328857421876;64.2486801147461;16.761884689331055;5.084656715393066;27.63032341003418;0.2989858984947204;24.55087280273437;46.42827224731445;36.05706405639648;48.39329147338867;1931.71826171875;42.197750091552734;128.81109619140625;98.28095245361328;71.74091339111328;19.487648010253903;9.516237258911133;5.908215999603272;57.11398696899414;75.44168853759766;40.59770965576172;50.36846160888672
23.11.2023;16.04425811767578;16.186481475830078;56.80420303344727;10.234139442443848;29.943527221679688;7.729140281677246;151.77622985839844;69.4670639038086;157.5048370361328;28.748329162597656;415.2243347167969;55.11100387573242;111.76966094970705;25.9544734954834;17.861230850219727;42.3843002319336;281.16094970703125;16.932544708251953;159.41134643554688;13.20384407043457;55.006961822509766;31.139427185058597;148.42636108398438;96.8220443725586;5.578562736511231;69.70846557617188;180.6731414794922;84.5328140258789;101.42306518554688;64.4296646118164;16.71754264831543;4.830424308776856;27.65812110900879;0.3007042109966278;25.140092849731445;46.18209838867188;35.9619255065918;48.57120513916016;1917.8223876953125;42.25200653076172;129.36865234375;98.28095245361328;72.60481262207031;19.72518539428711;9.54886245727539;6.127535820007324;57.71910858154297;75.48805236816406;40.44698715209961;50.55925369262695
24.11.2023;16.14735984802246;16.013364791870117;56.62834167480469;10.274362564086914;29.9057559967041;7.542446613311768;152.4081268310547;69.48566436767578;157.622314453125;28.748329162597656;417.3524169921875;55.46342086791992;113.71348571777344;26.04716682434082;17.750749588012695;42.195926666259766;283.64031982421875;17.086565017700195;160.94061279296875;13.232402801513672;55.43831634521485;31.418262481689453;156.67225646972656;97.76757049560548;5.541495323181152;68.03162384033203;181.34194946289065;85.33898162841797;101.8841552734375;64.4296646118164;16.761884689331055;5.035766124725342;27.70444869995117;0.2972675859928131;25.140092849731445;46.03439331054688;37.10357284545898;48.92703628540039;1909.4066162109373;42.044864654541016;129.44554138183594;98.28095245361328;72.60481262207031;19.981727600097656;9.58835792541504;6.194674968719482;58.37077713012695;76.0351333618164;40.660919189453125;50.55925369262695
27.11.2023;16.095808029174805;16.186481475830078;57.15593338012695;10.258623123168944;29.952970504760746;7.617124080657959;152.513427734375;69.5042495727539;156.40846252441406;28.79381561279297;418.8034362792969;55.26340103149414;115.17134857177734;27.391237258911133;17.824405670166016;42.29011535644531;282.1527099609375;17.13469696044922;160.37924194335938;13.301277160644531;55.40080642700195;31.373289108276367;162.16954040527344;98.1457748413086;5.319093704223633;68.27117919921875;180.2909698486328;85.16622924804688;101.93949127197266;64.4296646118164;16.67319679260254;5.084656715393066;27.621057510375977;0.2938309907913208;24.55087280273437;45.93592834472656;38.15008163452149;49.10495376586914;1909.2109375;42.05965805053711;128.42660522460938;98.28095245361328;74.08448791503906;19.90571594238281;9.648455619812012;6.132011890411377;57.99839401245117;80.67142486572266;40.47129821777344;50.36846160888672
28.11.2023;16.08721923828125;16.705833435058594;56.980072021484375;10.270865440368652;29.89631080627441;7.542446613311768;153.0224609375;70.24781036376953;157.7985076904297;29.112232208251957;416.626953125;55.73011779785156;113.71348571777344;27.344890594482425;17.824405670166016;42.00754928588867;284.1361999511719;17.086565017700195;160.70831298828125;13.370152473449709;55.37267303466797;31.42725372314453;164.00196838378906;97.67301940917967;5.448828220367432;66.83389282226562;180.9597625732422;85.1854248046875;102.474365234375;62.98180389404297;16.49582290649414;4.889092922210693;27.899030685424805;0.2989858984947204;23.37242889404297;46.28056716918945;38.34035873413086;48.749122619628906;1870.8505859375;42.23720932006836;129.34942626953125;97.7225341796875;75.3619613647461;20.057741165161133;9.705121994018556;6.20362663269043;58.51041793823242;80.20780181884766;40.68522262573242;50.36846160888672
29.11.2023;16.924055099487305;18.004213333129883;56.980072021484375;10.31808376312256;29.867982864379883;7.561116695404053;152.4958953857422;71.82787322998047;156.76087951660156;29.703575134277344;417.7393493652344;56.59688568115234;114.1994400024414;27.715669631958008;17.824405670166016;42.3843002319336;284.632080078125;17.105819702148438;161.83106994628906;13.331515312194824;55.46644973754883;31.607147216796875;169.49923706054688;98.90219116210938;5.37469482421875;66.83389282226562;184.5904235839844;84.60958862304688;103.39655303955078;61.89591217041016;16.49582290649414;4.937983989715576;28.57542610168457;0.3007042109966278;23.17602157592773;46.52674102783203;38.05494689941406;48.92703628540039;1856.3675537109373;42.53805923461914;130.31069946289062;97.7225341796875;74.44290924072266;19.92471694946289;9.665627479553224;5.97535514831543;58.41732406616211;80.67142486572266;41.84724044799805;50.17767333984375
30.11.2023;17.102764129638672;17.484861373901367;57.15593338012695;10.512203216552734;30.03795623779297;7.505107402801514;152.53099060058594;72.10670471191406;157.622314453125;29.97650146484375;416.9654846191406;56.96835708618164;114.1994400024414;27.80836296081543;17.106271743774414;42.3843002319336;284.1361999511719;17.019182205200195;163.20547485351562;13.370152473449709;55.29766082763672;31.400270462036133;172.2478790283203;98.8076400756836;5.393228054046631;67.07344055175781;180.6731414794922;84.8591079711914;103.5625457763672;61.89591217041016;16.49582290649414;4.810867786407471;28.54762840270996;0.3110140860080719;24.74728012084961;46.92061996459961;37.29384994506836;48.749122619628906;1863.413330078125;42.3802375793457;130.92591857910156;97.7225341796875;74.53482055664062;20.266773223876957;9.705121994018556;5.7560343742370605;64.09613800048828;80.20780181884766;42.255653381347656;50.55925369262695
01.12.2023;17.260852813720703;17.484861373901367;57.50766372680664;10.550677299499512;30.65174674987793;7.69180154800415;152.00442504882812;72.70155334472656;159.69757080078125;30.704307556152344;421.8988342285156;56.98740768432617;112.7415771484375;27.80836296081543;17.474544525146484;43.608734130859375;284.632080078125;17.09619140625;164.34759521484375;13.477664947509766;54.94132232666016;31.526195526123047;166.75059509277344;100.22593688964844;5.263493537902832;67.07344055175781;182.58401489257807;85.81884765625;104.5031967163086;62.25787734985352;16.628854751586914;4.889092922210693;28.770004272460938;0.3161690235137939;25.140092849731445;46.62520980834961;38.34035873413086;48.749122619628906;1874.177734375;42.71561050415039;132.7331085205078;97.7225341796875;74.91162872314453;20.238269805908203;9.772088050842283;5.805269718170166;65.30638122558594;80.20780181884766;42.52306365966797;51.89478302001953
04.12.2023;17.44127655029297;17.484861373901367;57.33179473876953;10.604890823364258;31.029464721679688;7.654463291168213;151.19700622558594;73.2778091430664;157.85723876953125;29.7945499420166;422.6243591308594;56.711185455322266;110.7977523803711;27.901058197021484;17.474544525146484;44.55060958862305;284.1361999511719;16.70151710510254;162.6828155517578;13.477664947509766;55.128868103027344;31.310327529907227;165.83438110351562;100.4150390625;4.985492706298828;66.83389282226562;180.38650512695312;85.07025146484375;104.55851745605467;61.89591217041016;16.71754264831543;4.810867786407471;28.74220848083496;0.3264788687229156;24.94368553161621;45.24663925170898;39.10145568847656;48.03745269775391;1876.3306884765625;42.5429916381836;131.7141571044922;98.65322875976562;75.17815399169922;19.85820770263672;9.80735969543457;5.612805366516113;64.14268493652344;80.21707153320312;42.16814041137695;51.7039909362793
05.12.2023;17.574451446533203;18.869800567626957;56.980072021484375;10.641616821289062;31.35052299499512;7.635794162750244;153.09266662597656;73.3521728515625;157.0937042236328;29.7945499420166;425.3812255859375;57.720821380615234;111.76966094970705;27.622974395751957;17.934885025024414;45.68085861206055;289.5908203125;16.807403564453125;164.56051635742188;13.430627822875977;54.96945190429688;31.55318260192871;160.3371124267578;101.07691192626952;5.170826435089111;66.83389282226562;180.6731414794922;86.16434478759766;106.32913970947266;61.5339469909668;16.407135009765625;4.73264217376709;29.09430503845215;0.328197181224823;24.94368553161621;47.95454406738281;38.72090911865234;47.50370788574219;1891.7921142578125;42.947410583496094;131.27197265625;98.83936309814452;75.18733215332031;19.90571594238281;9.849686622619627;5.5546183586120605;64.04959869384766;80.21707153320312;42.834232330322266;51.51319885253906
06.12.2023;18.07707023620605;18.696683883666992;57.15593338012695;10.819995880126951;31.86044311523437;7.654463291168213;152.2325897216797;73.51947021484375;160.5198516845703;29.65808486938477;426.9773254394531;58.29231643676758;109.82584381103516;27.43758583068848;17.934885025024414;46.15179443359375;293.0619812011719;17.038434982299805;167.05767822265625;13.512941360473633;55.06322479248047;31.948944091796875;151.1750030517578;102.40065002441406;5.18936014175415;66.5943374633789;181.1508636474609;87.91104888916016;106.67958068847656;61.5339469909668;16.318449020385742;4.937983989715576;29.279619216918945;0.3144507110118866;24.55087280273437;48.791534423828125;39.29172897338867;48.03745269775391;1915.278076171875;43.39128875732422;132.94459533691406;98.28095245361328;73.52386474609375;19.05057716369629;9.817940711975098;5.245779514312744;66.23733520507812;79.74417114257812;43.32042694091797;51.51319885253906
07.12.2023;17.973968505859375;18.696683883666992;57.50766372680664;10.889949798583984;32.16261672973633;7.59845495223999;152.61874389648438;73.12910461425781;160.65689086914062;29.840036392211918;424.4139099121094;58.30184173583984;112.255615234375;27.391237258911133;17.916471481323242;46.15179443359375;289.5908203125;17.153947830200195;167.1544647216797;13.5801362991333;55.457069396972656;32.182804107666016;157.58847045898438;104.76447296142578;5.18936014175415;65.87569427490234;181.4374847412109;88.2949447631836;106.67958068847656;62.0768928527832;16.318449020385742;4.986874580383301;29.49272918701172;0.3196056485176086;24.55087280273437;48.54536056518555;39.00632095336914;46.2582893371582;1911.5595703125;43.22853088378906;133.0022735595703;99.02550506591795;72.14529418945312;18.974565505981445;9.826759338378906;5.28158712387085;66.19078063964844;78.79837036132812;42.63489532470703;51.51319885253906
08.12.2023;18.05558967590332;18.52356719970703;56.45247268676758;11.02810764312744;32.87083435058594;7.617124080657959;153.86497497558594;73.66818237304688;161.1267852783203;30.11296272277832;427.5093688964844;58.92095947265625;109.82584381103516;27.57662773132324;18.026954650878903;46.15179443359375;290.58258056640625;17.461986541748047;169.32254028320312;13.63557243347168;55.53208923339844;32.38968276977539;146.59393310546875;104.66991424560548;5.115226268768311;63.71976852416992;182.10629272460935;90.09922790527344;106.82711791992188;62.0768928527832;16.318449020385742;5.084656715393066;29.576122283935547;0.328197181224823;24.94368553161621;48.643829345703125;38.625770568847656;47.32579040527344;1939.9384765625;43.61815643310547;136.3282928466797;98.65322875976562;70.30718994140625;19.21210289001465;9.782670021057127;5.420340538024902;65.49256896972656;78.71491241455078;43.15998840332031;51.51319885253906
11.12.2023;18.051294326782227;18.696683883666992;56.45247268676758;11.059585571289062;33.03136444091797;7.59845495223999;155.00587463378906;75.56427001953125;161.9882049560547;29.93101501464844;429.3472900390625;59.50197982788086;112.255615234375;27.715669631958008;18.082195281982425;47.47041702270508;296.5330810546875;17.5678768157959;170.89051818847656;13.546539306640623;55.77589797973633;32.55158233642578;150.2587890625;105.1426773071289;5.041092872619629;62.76157379150391;181.7241058349609;91.11654663085938;107.06688690185548;62.43885803222656;16.274105072021484;5.084656715393066;29.835561752319336;0.3196056485176086;25.140092849731445;48.24995422363281;38.43549728393555;47.14787292480469;1955.008544921875;43.79570770263672;136.78970336914062;97.53640747070312;70.30718994140625;19.326122283935547;9.791486740112305;5.317394256591797;65.16673278808594;78.71491241455078;43.33038330078125;51.89478302001953
12.12.2023;18.021223068237305;18.52356719970703;56.62834167480469;11.068330764770508;33.27688217163086;7.579785346984863;156.4803009033203;76.58665466308594;163.9459991455078;30.24942970275879;430.1694946289063;60.01631927490234;112.255615234375;27.76201820373535;17.990127563476562;47.09366989135742;293.0619812011719;17.683391571044922;171.27767944335938;13.430627822875977;55.84153747558594;32.35370635986328;151.1750030517578;105.23723602294922;4.744557857513428;64.6779556274414;181.34194946289065;90.982177734375;106.42135620117188;62.61983871459961;16.407135009765625;5.084656715393066;29.53905868530273;0.3264788687229156;24.94368553161621;48.74230194091797;39.00632095336914;47.32579040527344;1966.457763671875;44.22478485107422;137.15496826171875;98.46709442138672;69.84767150878906;19.117088317871094;9.840868949890137;5.232351303100586;64.98055267333984;77.77838134765625;43.36933898925781;51.51319885253906
13.12.2023;17.965375900268555;18.35045051574707;57.15593338012695;11.021111488342283;32.681976318359375;7.486438751220703;157.12974548339844;75.86168670654297;162.22312927246094;30.385892868041992;430.89501953125;59.59722518920898;113.71348571777344;27.99375343322754;17.732336044311523;47.282039642333984;297.0289611816406;17.587129592895508;170.89051818847656;13.57341766357422;55.616485595703125;32.21878433227539;157.58847045898438;103.15707397460938;4.855758190155029;66.5943374633789;184.3037872314453;90.65586853027344;105.84959411621094;64.97261047363281;16.407135009765625;5.084656715393066;29.39080619812012;0.3299154937267303;25.140092849731445;51.69637680053711;38.43549728393555;46.2582893371582;1983.5830078125;43.81050491333008;136.78970336914062;99.58392333984376;69.84767150878906;19.012571334838867;9.52518367767334;5.174164772033691;65.25982666015625;75.9609603881836;43.10643768310547;51.7039909362793
14.12.2023;18.257497787475582;18.177330017089844;56.80420303344727;11.276440620422363;33.00303649902344;7.523777484893799;153.67190551757812;76.27064514160156;157.3873748779297;30.704307556152344;429.05706787109375;62.95950698852539;114.68539428710938;27.80836296081543;17.769163131713867;46.434356689453125;300.00421142578125;18.222461700439453;173.25216674804688;13.665810585021973;54.57560729980469;32.10185241699219;159.4208984375;104.95357513427734;4.837224960327148;66.83389282226562;187.07455444335935;92.61371612548828;106.9931182861328;65.3345718383789;16.407135009765625;5.133547782897949;29.68731117248535;0.328197181224823;24.94368553161621;54.15810775756836;38.625770568847656;46.08037567138672;1973.7972412109373;43.22359848022461;134.6364288330078;100.88688659667967;68.92861938476562;19.060077667236328;9.408788681030272;5.187592506408691;66.6097183227539;75.94241333007812;44.3966064453125;51.89478302001953
15.12.2023;18.49806785583496;18.177330017089844;56.45247268676758;11.3079195022583;32.71975326538086;7.374422073364258;154.44419860839844;77.51610565185547;156.78045654296875;31.113697052001957;431.9590148925781;63.44527816772461;115.65730285644533;28.874351501464844;17.824405670166016;46.62273025512695;303.475341796875;18.164705276489254;175.32345581054688;13.6187744140625;54.36930847167969;31.93095588684082;157.58847045898438;105.23723602294922;4.587023735046387;66.11524200439453;186.5012969970703;92.99761199951172;106.58734893798828;65.87752532958984;16.5401668548584;5.084656715393066;29.89115333557129;0.3230422437191009;24.55087280273437;55.14280319213867;38.53063201904297;46.9699592590332;1980.157958984375;43.68720245361328;134.1173553466797;102.18985748291016;69.38814544677734;19.40213394165039;9.311790466308594;5.295014381408691;65.53911590576172;77.88037872314453;45.58453369140625;52.085567474365234
18.12.2023;18.4722900390625;18.004213333129883;55.92488098144531;11.220478057861328;32.653648376464844;7.449099540710449;154.44419860839844;77.03279113769531;157.36778259277344;30.203941345214844;432.8296508789063;61.93082046508789;120.03089904785156;28.410877227783203;17.769163131713867;45.869232177734375;301.4918212890625;18.0395622253418;175.20730590820312;13.511262893676758;54.6412467956543;30.986520767211918;161.25332641601562;105.331787109375;4.494356632232666;66.11524200439453;185.06814575195312;92.30660247802734;104.17120361328124;65.87752532958984;16.096729278564453;5.035766124725342;29.807762145996094;0.328197181224823;24.158058166503903;56.12749862670898;38.53063201904297;47.14787292480469;1954.0299072265625;43.5836296081543;133.79051208496094;102.56212615966795;68.92861938476562;20.01023292541504;9.21655559539795;5.509859561920166;65.67876434326172;77.56510925292969;44.31383514404297;52.46714782714844
19.12.2023;18.287567138671875;17.831098556518555;55.2214241027832;11.171510696411133;32.86139297485352;7.43043041229248;154.91812133789062;77.57186889648438;156.8196258544922;30.34040260314941;436.0218200683594;62.5023193359375;122.46067810058594;28.642614364624023;17.769163131713867;46.7169189453125;337.6907043457031;18.135826110839844;174.64593505859375;13.479344367980955;54.275535583496094;30.770647048950195;161.25332641601562;105.80455780029295;4.494356632232666;66.5943374633789;186.6923828125;90.69425964355467;104.48474884033205;65.51555633544922;16.141075134277344;5.035766124725342;29.798498153686523;0.3264788687229156;24.158058166503903;56.5213737487793;38.816043853759766;46.79203796386719;1953.8341064453125;43.78584289550781;134.4634246826172;104.79578399658205;68.93781280517578;20.124250411987305;9.153066635131836;5.5411906242370605;67.54066467285156;75.94241333007812;44.61569595336914;51.89478302001953
20.12.2023;18.23172187805176;17.311742782592773;57.33179473876953;11.253705978393556;32.748077392578125;7.579785346984863;155.7430877685547;78.46414184570312;154.78350830078125;30.2949161529541;434.57080078125;63.21668243408203;123.91854095458984;28.596267700195312;18.17426300048828;47.47041702270508;351.0793151855469;18.318723678588867;175.20730590820312;13.62381362915039;54.500587463378906;30.914560317993164;156.67225646972656;107.31739807128906;4.707490921020508;67.31298065185547;187.17010498046875;91.03976440429688;104.77985382080078;65.51555633544922;16.141075134277344;4.752198696136475;30.06720542907715;0.321323961019516;24.354463577270508;55.33974075317383;39.10145568847656;46.9699592590332;1956.1827392578125;44.1212158203125;132.54086303710938;104.23737335205078;68.46910095214844;20.92238044738769;9.22713565826416;5.639660835266113;68.00614929199219;75.2933349609375;44.63516616821289;51.89478302001953
21.12.2023;18.23601722717285;17.831098556518555;56.980072021484375;11.19074821472168;32.748077392578125;7.59845495223999;155.11119079589844;78.37120056152344;155.97775268554688;30.11296272277832;433.5551452636719;62.96903991699219;123.43258666992188;28.596267700195312;18.19267845153809;47.65878677368164;350.5834350585937;18.299470901489254;174.64593505859375;13.643972396850586;54.66938018798828;30.932552337646484;159.4208984375;107.60105895996094;4.763091087341309;65.39659881591797;188.60325622558597;91.3276824951172;104.79830169677734;66.96341705322266;15.875012397766112;5.035766124725342;30.132064819335938;0.3247605562210083;24.354463577270508;55.83208847045898;39.29172897338867;46.79203796386719;1949.5284423828125;44.071895599365234;133.1560821533203;104.60964965820312;68.46910095214844;20.81786155700684;9.211264610290527;5.563570499420166;67.72686004638672;76.05368041992188;44.32845306396485;52.085567474365234
22.12.2023;18.223129272460938;17.65797996520996;57.33179473876953;11.237967491149902;32.80473709106445;7.654463291168213;155.6553192138672;78.5013198852539;156.4672088623047;29.885522842407227;432.9263610839844;63.46432495117188;124.4044952392578;28.9670467376709;18.266332626342773;48.60066223144531;353.06280517578125;18.28021812438965;175.14923095703125;13.57341766357422;54.688133239746094;30.851598739624023;157.58847045898438;106.65553283691406;4.855758190155029;67.07344055175781;188.31663513183597;90.79022979736328;105.480712890625;68.23028564453125;15.786325454711914;4.849980354309082;30.030141830444336;0.3264788687229156;24.354463577270508;57.11219024658203;39.29172897338867;46.79203796386719;1899.6207275390625;44.03243637084961;134.0404510498047;106.65716552734376;68.46910095214844;20.68484306335449;9.23419189453125;5.491955757141113;67.72686004638672;76.96239471435547;44.31870269775391;52.085567474365234
27.12.2023;18.244609832763672;17.65797996520996;58.56284713745117;11.292180061340332;32.75751876831055;7.729140281677246;155.18141174316406;78.53849792480469;156.58468627929688;30.067476272583008;434.0387878417969;63.53099822998047;123.91854095458984;29.10608673095703;18.11902236938477;48.789039611816406;352.5669250488281;18.17432975769043;176.0590362548828;13.581817626953123;54.77252960205078;30.869590759277344;156.67225646972656;107.60105895996094;4.8001580238342285;67.07344055175781;190.1319732666016;90.80943298339844;105.53604888916016;68.9542236328125;15.741981506347656;4.810867786407471;29.974544525146484;0.3402253687381744;24.74728012084961;57.50606918334961;38.53063201904297;45.54662322998047;1888.269287109375;44.1705322265625;134.02120971679688;107.0294418334961;67.18243408203125;20.50431251525879;9.153066635131836;5.4874796867370605;67.30792999267578;77.88037872314453;44.469635009765625;51.89478302001953
28.12.2023;18.19735336303711;17.225183486938477;59.26631164550781;11.243212699890137;32.634761810302734;7.84115743637085;154.6372833251953;78.07377624511719;156.25184631347656;30.11296272277832;436.5538330078125;63.2357292175293;124.89044952392578;28.920700073242188;17.916471481323242;50.484413146972656;358.02154541015625;18.08769416809082;175.536376953125;13.40542984008789;54.86629867553711;30.77964210510254;160.3371124267578;107.31739807128906;4.892825603485107;66.5943374633789;188.60325622558597;90.40634155273438;104.72451782226562;68.77323913574219;15.875012397766112;4.986874580383301;29.98381233215332;0.333352118730545;24.94368553161621;58.09688186645508;39.00632095336914;46.9699592590332;1869.8719482421875;43.65760803222656;134.27114868164062;106.65716552734376;67.18243408203125;20.19076156616211;9.09134006500244;5.460623741149902;67.16828155517578;77.88037872314453;44.31383514404297;52.84872817993164
29.12.2023;18.16728401184082;17.65797996520996;59.26631164550781;11.237967491149902;32.67253112792969;7.934504508972168;154.56707763671875;78.07377624511719;156.09523010253906;29.885522842407227;435.9250793457031;63.49291229248047;125.37640380859376;28.642614364624023;17.69550895690918;49.91928863525391;356.533935546875;18.1839542388916;175.94290161132812;13.370152473449709;55.02571487426758;30.68969345092773;160.3371124267578;106.8446273803711;4.874291896820068;67.07344055175781;188.9854278564453;90.31037139892578;104.85362243652344;71.12600708007812;15.697638511657717;4.771754741668701;30.07646942138672;0.3299154937267303;24.55087280273437;57.80147552490234;39.00632095336914;46.2582893371582;1877.70068359375;43.63295364379883;134.36727905273438;106.2848892211914;65.9876708984375;20.105247497558597;9.08604907989502;5.451672554016113;66.88899993896484;78.67781829833984;44.05580520629883;53.03951644897461
